mol,rseq,mseq,S,rmsd_refine,E_conf,E_place,E_score1,E_refine,E_score2,$File,E_orig,Rec_index
O=C(NC(C(=O)NC(C(=O)NC(C(=O)NC(C(=O)N)Cc1ccc(O)cc1)CCCNC(=N)N)CCC(=O)N)CCCNC(=N)N)C(NC(=O)C(NC(=O)C(NC(=O)C(NC(=O)C(NC(=O)C(NC(=O)C(NC(=O)C(NC(=O)C(NC(=O)C(NC(=O)C(NC(=O)C(NC(=O)C(NC(=O)C(NC(=O)C(NC(=O)C(NC(=O)C(NC(=O)C(NC(=O)C1N(C(=O)C(NC(=O)C(NC(=O)C(NC(=O)C(NC(=O)CNC(=O)C2N(C(=O)C(NC(=O)C(NC(=O)C3N(C(=O)C(NC(=O)C(N)C)CCCCN)CCC3)CCC(=O)O)C)CCC2)CCC(=O)O)CC(=O)O)C)CO)CCC1)CCC(=O)O)CCC(=O)O)CC(C)C)CO)CCCNC(=N)N)Cc1ccc(O)cc1)Cc1ccc(O)cc1)C)CO)CC(C)C)CCCNC(=N)N)Cc1nc[nH]c1)Cc1ccc(O)cc1)CC(C)C)CC(=O)N)CC(C)C)C(C)C)C(O)C,1,24,-15.364658,5.1395941,-919.75153,202.57565,20.122469,-106.13445,-15.364658,$HOME/My Research/MDM2/sdf for docking/smiles_data18.sdf,0,1
O=C(NC(C(=O)NC(C(=O)NC(C(=O)NC(C(=O)N)Cc1ccc(O)cc1)CCCNC(=N)N)CCC(=O)N)CCCNC(=N)N)C(NC(=O)C(NC(=O)C(NC(=O)C(NC(=O)C(NC(=O)C(NC(=O)C(NC(=O)C(NC(=O)C(NC(=O)C(NC(=O)C(NC(=O)C(NC(=O)C(NC(=O)C(NC(=O)C(NC(=O)C(NC(=O)C(NC(=O)C(NC(=O)C1N(C(=O)C(NC(=O)C(NC(=O)C(NC(=O)C(NC(=O)CNC(=O)C2N(C(=O)C(NC(=O)C(NC(=O)C3N(C(=O)C(NC(=O)C(N)C)CCCCN)CCC3)CCC(=O)O)C)CCC2)CCC(=O)O)CC(=O)O)C)CO)CCC1)CCC(=O)O)CCC(=O)O)CC(C)C)CO)CCCNC(=N)N)Cc1ccc(O)cc1)Cc1ccc(O)cc1)C)CO)CC(C)C)CCCNC(=N)N)Cc1nc[nH]c1)Cc1ccc(O)cc1)CC(C)C)CC(=O)N)CC(C)C)C(C)C)C(O)C,1,24,-14.488922,5.3079219,-926.76935,339.63281,46.610245,-101.19363,-14.488922,$HOME/My Research/MDM2/sdf for docking/smiles_data18.sdf,0,1
O=C(NC(C(=O)NC(C(=O)NC(C(=O)NC(C(=O)N)Cc1ccc(O)cc1)CCCNC(=N)N)CCC(=O)N)CCCNC(=N)N)C(NC(=O)C(NC(=O)C(NC(=O)C(NC(=O)C(NC(=O)C(NC(=O)C(NC(=O)C(NC(=O)C(NC(=O)C(NC(=O)C(NC(=O)C(NC(=O)C(NC(=O)C(NC(=O)C(NC(=O)C(NC(=O)C(NC(=O)C(NC(=O)C1N(C(=O)C(NC(=O)C(NC(=O)C(NC(=O)C(NC(=O)CNC(=O)C2N(C(=O)C(NC(=O)C(NC(=O)C3N(C(=O)C(NC(=O)C(N)C)CCCCN)CCC3)CCC(=O)O)C)CCC2)CCC(=O)O)CC(=O)O)C)CO)CCC1)CCC(=O)O)CCC(=O)O)CC(C)C)CO)CCCNC(=N)N)Cc1ccc(O)cc1)Cc1ccc(O)cc1)C)CO)CC(C)C)CCCNC(=N)N)Cc1nc[nH]c1)Cc1ccc(O)cc1)CC(C)C)CC(=O)N)CC(C)C)C(C)C)C(O)C,1,24,-14.417819,5.6260834,-940.19324,213.97975,32.878319,-99.665283,-14.417819,$HOME/My Research/MDM2/sdf for docking/smiles_data18.sdf,0,1
S=P(OCC1C(OP(=S)(OCC2C(OP(=S)(OCC3C(OP(=S)(OCC4C(OP(=S)(OCC5C(OP(=S)(OCC6C(OP(=S)(OCC7C(OP(=S)(OCC8C(OP(=S)(OCC9C(OP(=S)(OCC%10C(OP(=S)(OCC%11C(OP(=S)(OCC%12C(OP(=S)(OCC%13C(OP(=S)(OCC%14C(OP(=S)(OCC%15C(OP(=S)(OCC%16C(OP(=S)(OCC%17C(O)C(OCCOC)C(N%18C(=O)NC(=O)C(C)=C%18)O%17)O)C(OCCOC)C(n%17c%18N=CNC(=N)c%18nc%17)O%16)O)C(OCCOC)C(N%16C(=O)N=C(N)C(C)=C%16)O%15)O)C(OCCOC)C(N%15C(=O)NC(=O)C(C)=C%15)O%14)O)CC(n%14c%15N=C(N)NC(=O)c%15nc%14)O%13)O)CC(n%13c%14N=C(N)NC(=O)c%14nc%13)O%12)O)CC(N%12C(=O)N=C(N)C(C)=C%12)O%11)O)CC(N%11C(=O)NC(=O)C(C)=C%11)O%10)O)CC(N%10C(=O)N=C(N)C(C)=C%10)O9)O)CC(n9c%10N=C(N)NC(=O)c%10nc9)O8)O)CC(N8C(=O)N=C(N)C(C)=C8)O7)O)CC(n7c8N=C(N)NC(=O)c8nc7)O6)O)CC(n6c7N=C(N)NC(=O)c7nc6)O5)O)CC(N5C(=O)N=C(N)C(C)=C5)O4)O)CC(n4c5N=C(N)NC(=O)c5nc4)O3)O)CC(N3C(=O)N=C(N)C(C)=C3)O2)O)C(OCCOC)C(n2c3ncnc(N)c3nc2)O1)(OC1C(OCCOC)C(n2c3N=C(N)NC(=O)c3nc2)OC1COP(=S)(OC1C(OCCOC)C(n2c3N=C(N)NC(=O)c3nc2)OC1COP(=S)(OC1C(OCCOC)C(n2c3N=C(N)NC(=O)c3nc2)OC1CO)O)O)O,1,61,-14.257688,3.053942,-3699.2292,243.78413,23.285152,-101.55071,-14.257688,$HOME/My Research/MDM2/sdf for docking/smiles_data18.sdf,0,1
O=C(NC(C(=O)NC(C(=O)NC(C(=O)NC(C(=O)N)Cc1ccc(O)cc1)CCCNC(=N)N)CCC(=O)N)CCCNC(=N)N)C(NC(=O)C(NC(=O)C(NC(=O)C(NC(=O)C(NC(=O)C(NC(=O)C(NC(=O)C(NC(=O)C(NC(=O)C(NC(=O)C(NC(=O)C(NC(=O)C(NC(=O)C(NC(=O)C(NC(=O)C(NC(=O)C(NC(=O)C(NC(=O)C1N(C(=O)C(NC(=O)C(NC(=O)C(NC(=O)C(NC(=O)CNC(=O)C2N(C(=O)C(NC(=O)C(NC(=O)C3N(C(=O)C(NC(=O)C(N)C)CCCCN)CCC3)CCC(=O)O)C)CCC2)CCC(=O)O)CC(=O)O)C)CO)CCC1)CCC(=O)O)CCC(=O)O)CC(C)C)CO)CCCNC(=N)N)Cc1ccc(O)cc1)Cc1ccc(O)cc1)C)CO)CC(C)C)CCCNC(=N)N)Cc1nc[nH]c1)Cc1ccc(O)cc1)CC(C)C)CC(=O)N)CC(C)C)C(C)C)C(O)C,1,24,-13.315547,4.2482767,-909.28845,481.05768,50.71167,-87.062157,-13.315547,$HOME/My Research/MDM2/sdf for docking/smiles_data18.sdf,0,1
O=C(NC(C(=O)NC(C(=O)NC(C(=O)NC(C(=O)N)Cc1ccc(O)cc1)CCCNC(=N)N)CCC(=O)N)CCCNC(=N)N)C(NC(=O)C(NC(=O)C(NC(=O)C(NC(=O)C(NC(=O)C(NC(=O)C(NC(=O)C(NC(=O)C(NC(=O)C(NC(=O)C(NC(=O)C(NC(=O)C(NC(=O)C(NC(=O)C(NC(=O)C(NC(=O)C(NC(=O)C(NC(=O)C1N(C(=O)C(NC(=O)C(NC(=O)C(NC(=O)C(NC(=O)CNC(=O)C2N(C(=O)C(NC(=O)C(NC(=O)C3N(C(=O)C(NC(=O)C(N)C)CCCCN)CCC3)CCC(=O)O)C)CCC2)CCC(=O)O)CC(=O)O)C)CO)CCC1)CCC(=O)O)CCC(=O)O)CC(C)C)CO)CCCNC(=N)N)Cc1ccc(O)cc1)Cc1ccc(O)cc1)C)CO)CC(C)C)CCCNC(=N)N)Cc1nc[nH]c1)Cc1ccc(O)cc1)CC(C)C)CC(=O)N)CC(C)C)C(C)C)C(O)C,1,24,-12.420728,5.0966301,-928.02112,283.33762,41.165585,-86.914619,-12.420728,$HOME/My Research/MDM2/sdf for docking/smiles_data18.sdf,0,1
S=P(OCC1C(OP(=S)(OCC2C(OP(=S)(OCC3C(OP(=S)(OCC4C(OP(=S)(OCC5C(OP(=S)(OCC6C(OP(=S)(OCC7C(OP(=S)(OCC8C(OP(=S)(OCC9C(OP(=S)(OCC%10C(OP(=S)(OCC%11C(OP(=S)(OCC%12C(OP(=S)(OCC%13C(OP(=S)(OCC%14C(OP(=S)(OCC%15C(OP(=S)(OCC%16C(OP(=S)(OCC%17C(O)C(OCCOC)C(N%18C(=O)NC(=O)C(C)=C%18)O%17)O)C(OCCOC)C(n%17c%18N=CNC(=N)c%18nc%17)O%16)O)C(OCCOC)C(N%16C(=O)N=C(N)C(C)=C%16)O%15)O)C(OCCOC)C(N%15C(=O)NC(=O)C(C)=C%15)O%14)O)CC(n%14c%15N=C(N)NC(=O)c%15nc%14)O%13)O)CC(n%13c%14N=C(N)NC(=O)c%14nc%13)O%12)O)CC(N%12C(=O)N=C(N)C(C)=C%12)O%11)O)CC(N%11C(=O)NC(=O)C(C)=C%11)O%10)O)CC(N%10C(=O)N=C(N)C(C)=C%10)O9)O)CC(n9c%10N=C(N)NC(=O)c%10nc9)O8)O)CC(N8C(=O)N=C(N)C(C)=C8)O7)O)CC(n7c8N=C(N)NC(=O)c8nc7)O6)O)CC(n6c7N=C(N)NC(=O)c7nc6)O5)O)CC(N5C(=O)N=C(N)C(C)=C5)O4)O)CC(n4c5N=C(N)NC(=O)c5nc4)O3)O)CC(N3C(=O)N=C(N)C(C)=C3)O2)O)C(OCCOC)C(n2c3ncnc(N)c3nc2)O1)(OC1C(OCCOC)C(n2c3N=C(N)NC(=O)c3nc2)OC1COP(=S)(OC1C(OCCOC)C(n2c3N=C(N)NC(=O)c3nc2)OC1COP(=S)(OC1C(OCCOC)C(n2c3N=C(N)NC(=O)c3nc2)OC1CO)O)O)O,1,61,-12.375086,3.3519175,-3707.3274,345.30771,30.846256,-85.573761,-12.375086,$HOME/My Research/MDM2/sdf for docking/smiles_data18.sdf,0,1
S=P(OCC1C(OP(=S)(OCC2C(OP(=S)(OCC3C(OP(=S)(OCC4C(OP(=S)(OCC5C(OP(=S)(OCC6C(OP(=S)(OCC7C(OP(=S)(OCC8C(OP(=S)(OCC9C(OP(=S)(OCC%10C(OP(=S)(OCC%11C(OP(=S)(OCC%12C(OP(=S)(OCC%13C(OP(=S)(OCC%14C(OP(=S)(OCC%15C(OP(=S)(OCC%16C(OP(=S)(OCC%17C(O)C(OCCOC)C(N%18C(=O)NC(=O)C(C)=C%18)O%17)O)C(OCCOC)C(n%17c%18N=CNC(=N)c%18nc%17)O%16)O)C(OCCOC)C(N%16C(=O)N=C(N)C(C)=C%16)O%15)O)C(OCCOC)C(N%15C(=O)NC(=O)C(C)=C%15)O%14)O)CC(n%14c%15N=C(N)NC(=O)c%15nc%14)O%13)O)CC(n%13c%14N=C(N)NC(=O)c%14nc%13)O%12)O)CC(N%12C(=O)N=C(N)C(C)=C%12)O%11)O)CC(N%11C(=O)NC(=O)C(C)=C%11)O%10)O)CC(N%10C(=O)N=C(N)C(C)=C%10)O9)O)CC(n9c%10N=C(N)NC(=O)c%10nc9)O8)O)CC(N8C(=O)N=C(N)C(C)=C8)O7)O)CC(n7c8N=C(N)NC(=O)c8nc7)O6)O)CC(n6c7N=C(N)NC(=O)c7nc6)O5)O)CC(N5C(=O)N=C(N)C(C)=C5)O4)O)CC(n4c5N=C(N)NC(=O)c5nc4)O3)O)CC(N3C(=O)N=C(N)C(C)=C3)O2)O)C(OCCOC)C(n2c3ncnc(N)c3nc2)O1)(OC1C(OCCOC)C(n2c3N=C(N)NC(=O)c3nc2)OC1COP(=S)(OC1C(OCCOC)C(n2c3N=C(N)NC(=O)c3nc2)OC1COP(=S)(OC1C(OCCOC)C(n2c3N=C(N)NC(=O)c3nc2)OC1CO)O)O)O,1,61,-12.290571,4.5715389,-3721.2844,287.30505,27.092762,-85.87001,-12.290571,$HOME/My Research/MDM2/sdf for docking/smiles_data18.sdf,0,1
S=P(OCC1C(OP(=S)(OCC2C(OP(=S)(OCC3C(OP(=S)(OCC4C(OP(=S)(OCC5C(OP(=S)(OCC6C(OP(=S)(OCC7C(OP(=S)(OCC8C(OP(=S)(OCC9C(OP(=S)(OCC%10C(OP(=S)(OCC%11C(OP(=S)(OCC%12C(OP(=S)(OCC%13C(OP(=S)(OCC%14C(OP(=S)(OCC%15C(OP(=S)(OCC%16C(OP(=S)(OCC%17C(O)C(OCCOC)C(N%18C(=O)NC(=O)C(C)=C%18)O%17)O)C(OCCOC)C(n%17c%18N=CNC(=N)c%18nc%17)O%16)O)C(OCCOC)C(N%16C(=O)N=C(N)C(C)=C%16)O%15)O)C(OCCOC)C(N%15C(=O)NC(=O)C(C)=C%15)O%14)O)CC(n%14c%15N=C(N)NC(=O)c%15nc%14)O%13)O)CC(n%13c%14N=C(N)NC(=O)c%14nc%13)O%12)O)CC(N%12C(=O)N=C(N)C(C)=C%12)O%11)O)CC(N%11C(=O)NC(=O)C(C)=C%11)O%10)O)CC(N%10C(=O)N=C(N)C(C)=C%10)O9)O)CC(n9c%10N=C(N)NC(=O)c%10nc9)O8)O)CC(N8C(=O)N=C(N)C(C)=C8)O7)O)CC(n7c8N=C(N)NC(=O)c8nc7)O6)O)CC(n6c7N=C(N)NC(=O)c7nc6)O5)O)CC(N5C(=O)N=C(N)C(C)=C5)O4)O)CC(n4c5N=C(N)NC(=O)c5nc4)O3)O)CC(N3C(=O)N=C(N)C(C)=C3)O2)O)C(OCCOC)C(n2c3ncnc(N)c3nc2)O1)(OC1C(OCCOC)C(n2c3N=C(N)NC(=O)c3nc2)OC1COP(=S)(OC1C(OCCOC)C(n2c3N=C(N)NC(=O)c3nc2)OC1COP(=S)(OC1C(OCCOC)C(n2c3N=C(N)NC(=O)c3nc2)OC1CO)O)O)O,1,61,-12.046263,2.8626256,-3674.408,204.98888,14.633671,-77.077644,-12.046263,$HOME/My Research/MDM2/sdf for docking/smiles_data18.sdf,0,1
S=P(OCC1C(OP(=S)(OCC2C(OP(=S)(OCC3C(OP(=S)(OCC4C(OP(=S)(OCC5C(OP(=S)(OCC6C(OP(=S)(OCC7C(OP(=S)(OCC8C(OP(=S)(OCC9C(OP(=S)(OCC%10C(OP(=S)(OCC%11C(OP(=S)(OCC%12C(OP(=S)(OCC%13C(OP(=S)(OCC%14C(OP(=S)(OCC%15C(OP(=S)(OCC%16C(OP(=S)(OCC%17C(O)C(OCCOC)C(N%18C(=O)NC(=O)C(C)=C%18)O%17)O)C(OCCOC)C(n%17c%18N=CNC(=N)c%18nc%17)O%16)O)C(OCCOC)C(N%16C(=O)N=C(N)C(C)=C%16)O%15)O)C(OCCOC)C(N%15C(=O)NC(=O)C(C)=C%15)O%14)O)CC(n%14c%15N=C(N)NC(=O)c%15nc%14)O%13)O)CC(n%13c%14N=C(N)NC(=O)c%14nc%13)O%12)O)CC(N%12C(=O)N=C(N)C(C)=C%12)O%11)O)CC(N%11C(=O)NC(=O)C(C)=C%11)O%10)O)CC(N%10C(=O)N=C(N)C(C)=C%10)O9)O)CC(n9c%10N=C(N)NC(=O)c%10nc9)O8)O)CC(N8C(=O)N=C(N)C(C)=C8)O7)O)CC(n7c8N=C(N)NC(=O)c8nc7)O6)O)CC(n6c7N=C(N)NC(=O)c7nc6)O5)O)CC(N5C(=O)N=C(N)C(C)=C5)O4)O)CC(n4c5N=C(N)NC(=O)c5nc4)O3)O)CC(N3C(=O)N=C(N)C(C)=C3)O2)O)C(OCCOC)C(n2c3ncnc(N)c3nc2)O1)(OC1C(OCCOC)C(n2c3N=C(N)NC(=O)c3nc2)OC1COP(=S)(OC1C(OCCOC)C(n2c3N=C(N)NC(=O)c3nc2)OC1COP(=S)(OC1C(OCCOC)C(n2c3N=C(N)NC(=O)c3nc2)OC1CO)O)O)O,1,61,-11.487742,3.1610525,-3698.5056,45.869843,5.3746262,-79.671432,-11.487742,$HOME/My Research/MDM2/sdf for docking/smiles_data18.sdf,0,1
O=C(O)CCC1C(=O)NC(C(O)C)C(=O)N2C(C(=O)NC(CCC(=O)O)C(=O)NCC(=O)NC(C)C(=O)NC(CCC(=O)O)C(=O)NC(C)C(=O)NC(CCCCN)C(=O)N3C(C(=O)NC(Cc4c5c([nH]c4)cccc5)C(=O)NC(Cc4ccc(O)cc4)C(=O)NC(C(=O)O)CSSCC(N)C(=O)NCC(=O)NC(CCC(=O)N)C(=O)NC(CCCNC(=N)N)C(=O)N1)CCC3)CCC2,1,58,-10.703042,1.6168904,-239.07198,-69.522636,-9.0137291,-59.784389,-10.703042,$HOME/My Research/MDM2/sdf for docking/smiles_data18.sdf,0,1
O=C(O)C(NC(=O)C(NC(=O)C(NC(=O)C(NC(=O)C(NC(=O)C(NC(=O)C(NC(=O)C(NC(=O)C(NC(=O)C(NC(=O)C1NC(=O)CC1)CCC(=O)O)CCC(=O)N)CC(C)C)CCC(=O)O)CCC/N=C(\N)/N)C)CC(C)C)CC(=O)N)CO)CO,1,48,-10.678313,3.0957673,-320.58194,-58.707333,-6.7130542,-71.902016,-10.678313,$HOME/My Research/MDM2/sdf for docking/smiles_data18.sdf,0.005108858,1
O=C(O)C(NC(=O)C(NC(=O)C(NC(=O)C(NC(=O)C(NC(=O)C(NC(=O)C(NC(=O)C(NC(=O)C(NC(=O)C(NC(=O)C1NC(=O)CC1)CCC(=O)O)CCC(=O)N)CC(C)C)CCC(=O)O)CCC/N=C(\N)/N)C)CC(C)C)CC(=O)N)CO)CO,1,48,-10.597657,2.1855989,-312.68875,-37.822021,-8.587923,-69.904022,-10.597657,$HOME/My Research/MDM2/sdf for docking/smiles_data18.sdf,0.005108858,1
O=C(O)CCC1C(=O)NC(C(O)C)C(=O)N2C(C(=O)NC(CCC(=O)O)C(=O)NCC(=O)NC(C)C(=O)NC(CCC(=O)O)C(=O)NC(C)C(=O)NC(CCCCN)C(=O)N3C(C(=O)NC(Cc4c5c([nH]c4)cccc5)C(=O)NC(Cc4ccc(O)cc4)C(=O)NC(C(=O)O)CSSCC(N)C(=O)NCC(=O)NC(CCC(=O)N)C(=O)NC(CCCNC(=N)N)C(=O)N1)CCC3)CCC2,1,58,-10.462217,2.2668355,-251.51759,1.1623163,-6.2167916,-63.89011,-10.462217,$HOME/My Research/MDM2/sdf for docking/smiles_data18.sdf,0,1
S(CC(N)C(=O)O)C1C(=O)N(CC2CCC(C(=O)NCc3nnn(CCOCCOCCOCCOCCOCCOCCOCCOCCNC(=O)COCC(=O)NC(C(=O)Nc4ccc(COC(=O)OC5(CC)C(=O)OCC=6C(=O)N7C(c8nc9c(c(CC)c8C7)cc(O)cc9)=CC5=6)cc4)CCCN)c3)CC2)C(=O)C1,1,38,-10.409184,2.777231,87.271912,-9.4030495,-3.2345371,-67.174568,-10.409184,$HOME/My Research/MDM2/sdf for docking/smiles_data18.sdf,0,1
S(CC(N)C(=O)O)C1C(=O)N(CC2CCC(C(=O)NCc3nnn(CCOCCOCCOCCOCCOCCOCCOCCOCCNC(=O)COCC(=O)NC(C(=O)Nc4ccc(COC(=O)OC5(CC)C(=O)OCC=6C(=O)N7C(c8nc9c(c(CC)c8C7)cc(O)cc9)=CC5=6)cc4)CCCCN)c3)CC2)C(=O)C1,1,39,-10.308332,3.460777,94.012726,-27.901833,-6.9146523,-68.255585,-10.308332,$HOME/My Research/MDM2/sdf for docking/smiles_data18.sdf,0.012580504,1
O=C(NC(C(=O)N1C(C(=O)NC(C(=O)NC(C(=O)N2C(C(=O)NC(C(=O)N3C(C(=O)N4C(C(=O)NC(C(=O)NC(C(=O)NC(C(=O)NC(C(=O)NC(C(=O)NC(C(=O)NC(C(=O)NC(C(=O)NC(C(=O)NCC(=O)N)CCCNC(=N)N)CCCCN)CCCCN)CCCNC(=N)N)CCCNC(=N)N)CCC(=O)N)CCCNC(=N)N)CCCNC(=N)N)CCCNC(=N)N)CCC4)CCC3)CCCNC(=N)N)CCC2)CCCCN)CCCNC(=N)N)CCC1)C(O)C)C(NC(=O)C(NC(=O)C(NC(=O)C(NC(=O)C(NC(=O)C1N(C(=O)C(NC(=O)C(NC(=O)C2N(C(=O)C(NC(=O)C(NC(=O)C(NC(=O)C(N)CC(=O)O)CCC(=O)N)CO)CCCNC(=N)N)CCC2)C(C)C)CCC(=O)N)CCC1)Cc1ccccc1)CC(C)C)CC(=O)N)CC(C)C)C(O)C,1,22,-10.260769,5.5703878,-1669.1812,45.953083,11.130448,-65.278564,-10.260769,$HOME/My Research/MDM2/sdf for docking/smiles_data18.sdf,0,1
O=C(O)C(NC(=O)C(NC(=O)C(NC(=O)C(NC(=O)C(NC(=O)C(NC(=O)C(NC(=O)C(NC(=O)C(NC(=O)C(NC(=O)C1NC(=O)CC1)CCC(=O)O)CCC(=O)N)CC(C)C)CCC(=O)O)CCC/N=C(\N)/N)C)CC(C)C)CC(=O)N)CO)CO,1,48,-10.197736,3.4663205,-318.2157,-35.189301,-7.4195557,-64.195992,-10.197736,$HOME/My Research/MDM2/sdf for docking/smiles_data18.sdf,0,1
S(CC(N)C(=O)O)C1C(=O)N(CC2CCC(C(=O)NCc3nnn(CCOCCOCCOCCOCCOCCOCCOCCOCCNC(=O)COCC(=O)NC(C(=O)Nc4ccc(COC(=O)OC5(CC)C(=O)OCC=6C(=O)N7C(c8nc9c(c(CC)c8C7)cc(O)cc9)=CC5=6)cc4)CCCN)c3)CC2)C(=O)C1,1,38,-10.164723,2.7573953,96.874695,25.647739,-6.2224154,-64.081352,-10.164723,$HOME/My Research/MDM2/sdf for docking/smiles_data18.sdf,0,1
O=C(NC(C(=O)N1C(C(=O)NC(C(=O)NC(C(=O)N2C(C(=O)NC(C(=O)N3C(C(=O)N4C(C(=O)NC(C(=O)NC(C(=O)NC(C(=O)NC(C(=O)NC(C(=O)NC(C(=O)NC(C(=O)NC(C(=O)NC(C(=O)NCC(=O)N)CCCNC(=N)N)CCCCN)CCCCN)CCCNC(=N)N)CCCNC(=N)N)CCC(=O)N)CCCNC(=N)N)CCCNC(=N)N)CCCNC(=N)N)CCC4)CCC3)CCCNC(=N)N)CCC2)CCCCN)CCCNC(=N)N)CCC1)C(O)C)C(NC(=O)C(NC(=O)C(NC(=O)C(NC(=O)C(NC(=O)C1N(C(=O)C(NC(=O)C(NC(=O)C2N(C(=O)C(NC(=O)C(NC(=O)C(NC(=O)C(N)CC(=O)O)CCC(=O)N)CO)CCCNC(=N)N)CCC2)C(C)C)CCC(=O)N)CCC1)Cc1ccccc1)CC(C)C)CC(=O)N)CC(C)C)C(O)C,1,22,-10.123316,3.7722113,-1690.5382,51.94511,5.2889419,-62.751995,-10.123316,$HOME/My Research/MDM2/sdf for docking/smiles_data18.sdf,0,1
O=C(O)CCC1C(=O)NC(C(O)C)C(=O)N2C(C(=O)NC(CCC(=O)O)C(=O)NCC(=O)NC(C)C(=O)NC(CCC(=O)O)C(=O)NC(C)C(=O)NC(CCCCN)C(=O)N3C(C(=O)NC(Cc4c5c([nH]c4)cccc5)C(=O)NC(Cc4ccc(O)cc4)C(=O)NC(C(=O)O)CSSCC(N)C(=O)NCC(=O)NC(CCC(=O)N)C(=O)NC(CCCNC(=N)N)C(=O)N1)CCC3)CCC2,1,58,-10.107806,2.3053892,-248.8219,7.0875583,-3.9736609,-61.453491,-10.107806,$HOME/My Research/MDM2/sdf for docking/smiles_data18.sdf,0,1
S(CC(N)C(=O)O)C1C(=O)N(CC2CCC(C(=O)NCc3nnn(CCOCCOCCOCCOCCOCCOCCOCCOCCNC(=O)COCC(=O)NC(C(=O)Nc4ccc(COC(=O)OC5(CC)C(=O)OCC=6C(=O)N7C(c8nc9c(c(CC)c8C7)cc(O)cc9)=CC5=6)cc4)CCCN)c3)CC2)C(=O)C1,1,38,-10.004122,3.1952691,105.52676,13.039925,-3.3558121,-65.883247,-10.004122,$HOME/My Research/MDM2/sdf for docking/smiles_data18.sdf,0,1
O=C(O)CCC1C(=O)NC(C(O)C)C(=O)N2C(C(=O)NC(CCC(=O)O)C(=O)NCC(=O)NC(C)C(=O)NC(CCC(=O)O)C(=O)NC(C)C(=O)NC(CCCCN)C(=O)N3C(C(=O)NC(Cc4c5c([nH]c4)cccc5)C(=O)NC(Cc4ccc(O)cc4)C(=O)NC(C(=O)O)CSSCC(N)C(=O)NCC(=O)NC(CCC(=O)N)C(=O)NC(CCCNC(=N)N)C(=O)N1)CCC3)CCC2,1,58,-9.9127874,2.3580985,-250.68491,-18.011782,-4.9086089,-59.563931,-9.9127874,$HOME/My Research/MDM2/sdf for docking/smiles_data18.sdf,0,1
O=C([O-])C(NC(=O)C(NC(=O)C(NC(=O)C1N(C(=O)C(NC(=O)C(NC(=O)C(NC(=O)C(NC(=O)C(NC(=O)C([N+])CC(=O)[O-])CCC/[N+]=C(\N)/N)C(C)C)Cc2ccc(O)cc2)C(CC)C)Cc2[nH]cnc2)CCC1)Cc1ccccc1)Cc1[nH]cnc1)CC(C)C,1,30,-9.8831825,3.557174,-392.27292,-13.904417,-12.689585,-65.226891,-9.8831825,$HOME/My Research/MDM2/sdf for docking/smiles_data18.sdf,0.013076782,1
O=C(O)C(NC(=O)C(NC(=O)C(NC(=O)C(NC(=O)C(NC(=O)C(NC(=O)C(NC(=O)C(NC(=O)C(NC(=O)C(NC(=O)C1NC(=O)CC1)CCC(=O)O)CCC(=O)N)CC(C)C)CCC(=O)O)CCC/N=C(\N)/N)C)CC(C)C)CC(=O)N)CO)CO,1,48,-9.8638849,5.0975318,-317.51935,-64.959679,-8.1755161,-62.186874,-9.8638849,$HOME/My Research/MDM2/sdf for docking/smiles_data18.sdf,0.0012772145,1
O=C(O)C(NC(=O)C(NC(=O)C(NC(=O)C(NC(=O)C(NC(=O)C(NC(=O)C(NC(=O)C(NC(=O)C(NC(=O)C(NC(=O)C1NC(=O)CC1)CCC(=O)O)CCC(=O)N)CC(C)C)CCC(=O)O)CCC/N=C(\N)/N)C)CC(C)C)CC(=O)N)CO)CO,1,48,-9.8126526,1.9359565,-309.6561,-27.773733,-9.3242378,-64.204468,-9.8126526,$HOME/My Research/MDM2/sdf for docking/smiles_data18.sdf,0.002554429,1
S(CC(N)C(=O)O)C1C(=O)N(CC2CCC(C(=O)NCc3nnn(CCOCCOCCOCCOCCOCCOCCOCCOCCNC(=O)COCC(=O)NC(C(=O)Nc4ccc(COC(=O)OC5(CC)C(=O)OCC=6C(=O)N7C(c8nc9c(c(CC)c8C7)cc(O)cc9)=CC5=6)cc4)CCCN)c3)CC2)C(=O)C1,1,38,-9.7727261,2.2902517,105.70433,-4.7142215,-2.3669438,-64.824249,-9.7727261,$HOME/My Research/MDM2/sdf for docking/smiles_data18.sdf,0,1
O=C(NC(C(=O)N1C(C(=O)NC(C(=O)NC(C(=O)N2C(C(=O)NC(C(=O)N3C(C(=O)N4C(C(=O)NC(C(=O)NC(C(=O)NC(C(=O)NC(C(=O)NC(C(=O)NC(C(=O)NC(C(=O)NC(C(=O)NC(C(=O)NCC(=O)N)CCCNC(=N)N)CCCCN)CCCCN)CCCNC(=N)N)CCCNC(=N)N)CCC(=O)N)CCCNC(=N)N)CCCNC(=N)N)CCCNC(=N)N)CCC4)CCC3)CCCNC(=N)N)CCC2)CCCCN)CCCNC(=N)N)CCC1)C(O)C)C(NC(=O)C(NC(=O)C(NC(=O)C(NC(=O)C(NC(=O)C1N(C(=O)C(NC(=O)C(NC(=O)C2N(C(=O)C(NC(=O)C(NC(=O)C(NC(=O)C(N)CC(=O)O)CCC(=O)N)CO)CCCNC(=N)N)CCC2)C(C)C)CCC(=O)N)CCC1)Cc1ccccc1)CC(C)C)CC(=O)N)CC(C)C)C(O)C,1,22,-9.6567335,3.0450461,-1671.1605,-27.617517,-0.198367,-59.166401,-9.6567335,$HOME/My Research/MDM2/sdf for docking/smiles_data18.sdf,0,1
O=C(O)CCC1C(=O)NC(C(O)C)C(=O)N2C(C(=O)NC(CCC(=O)O)C(=O)NCC(=O)NC(C)C(=O)NC(CCC(=O)O)C(=O)NC(C)C(=O)NC(CCCCN)C(=O)N3C(C(=O)NC(Cc4c5c([nH]c4)cccc5)C(=O)NC(Cc4ccc(O)cc4)C(=O)NC(C(=O)O)CSSCC(N)C(=O)NCC(=O)NC(CCC(=O)N)C(=O)NC(CCCNC(=N)N)C(=O)N1)CCC3)CCC2,1,58,-9.6399393,2.2442648,-248.50075,-32.669056,-7.1381121,-57.975262,-9.6399393,$HOME/My Research/MDM2/sdf for docking/smiles_data18.sdf,0,1
S(CC(N)C(=O)O)C1C(=O)N(CC2CCC(C(=O)NCc3nnn(CCOCCOCCOCCOCCOCCOCCOCCOCCNC(=O)COCC(=O)NC(C(=O)Nc4ccc(COC(=O)OC5(CC)C(=O)OCC=6C(=O)N7C(c8nc9c(c(CC)c8C7)cc(O)cc9)=CC5=6)cc4)CCCCN)c3)CC2)C(=O)C1,1,39,-9.6215105,6.473371,96.846443,-19.185532,-3.8245716,-58.639935,-9.6215105,$HOME/My Research/MDM2/sdf for docking/smiles_data18.sdf,0,1
S(CC(N)C(=O)O)C1C(=O)N(CC2CCC(C(=O)NCc3nnn(CCOCCOCCOCCOCCOCCOCCOCCOCCNC(=O)COCC(=O)NC(C(=O)Nc4ccc(COC(=O)OC5(CC)C(=O)OCC=6C(=O)N7C(c8nc9c(c(CC)c8C7)cc(O)cc9)=CC5=6)cc4)CCCCN)c3)CC2)C(=O)C1,1,39,-9.6195955,3.0712676,90.078865,51.109764,-2.7015848,-55.085331,-9.6195955,$HOME/My Research/MDM2/sdf for docking/smiles_data18.sdf,0.0077050193,1
S(CC(N)C(=O)O)C1C(=O)N(CC2CCC(C(=O)NCc3nnn(CCOCCOCCOCCOCCOCCOCCOCCOCCNC(=O)COCC(=O)NC(C(=O)Nc4ccc(COC(=O)OC5(CC)C(=O)OCC=6C(=O)N7C(c8nc9c(c(CC)c8C7)cc(O)cc9)=CC5=6)cc4)CCCN)c3)CC2)C(=O)C1,1,38,-9.567647,3.4020998,103.82587,-0.28459814,-4.2056222,-61.603989,-9.567647,$HOME/My Research/MDM2/sdf for docking/smiles_data18.sdf,0,1
O=C(O)CCC1C(=O)NC(C(CC)C)C(=O)NC(C(=O)N)CSSCC2C(=O)NC(CO)C(=O)NC(CC(=O)O)C(=O)N3C(C(=O)NC(CCCNC(=N)N)C(=O)NC(C(=O)NC(CC(=O)N)C(=O)NC(Cc4ccc(O)cc4)C(=O)NC(CC(=O)O)C(=O)NC(Cc4nc[nH]c4)C(=O)N4C(C(=O)N1)CCC4)CSSCC(NC(=O)CN)C(=O)N2)CCC3,1,26,-9.4893169,2.2510335,-293.90451,-48.801937,-6.5364141,-56.112434,-9.4893169,$HOME/My Research/MDM2/sdf for docking/smiles_data18.sdf,2.4402404,1
O=C(NC(C(=O)N1C(C(=O)NC(C(=O)NC(C(=O)N2C(C(=O)NC(C(=O)N3C(C(=O)N4C(C(=O)NC(C(=O)NC(C(=O)NC(C(=O)NC(C(=O)NC(C(=O)NC(C(=O)NC(C(=O)NC(C(=O)NC(C(=O)NCC(=O)N)CCCNC(=N)N)CCCCN)CCCCN)CCCNC(=N)N)CCCNC(=N)N)CCC(=O)N)CCCNC(=N)N)CCCNC(=N)N)CCCNC(=N)N)CCC4)CCC3)CCCNC(=N)N)CCC2)CCCCN)CCCNC(=N)N)CCC1)C(O)C)C(NC(=O)C(NC(=O)C(NC(=O)C(NC(=O)C(NC(=O)C1N(C(=O)C(NC(=O)C(NC(=O)C2N(C(=O)C(NC(=O)C(NC(=O)C(NC(=O)C(N)CC(=O)O)CCC(=O)N)CO)CCCNC(=N)N)CCC2)C(C)C)CCC(=O)N)CCC1)Cc1ccccc1)CC(C)C)CC(=O)N)CC(C)C)C(O)C,1,22,-9.4666023,2.5504317,-1670.3228,77.824768,13.336121,-55.124763,-9.4666023,$HOME/My Research/MDM2/sdf for docking/smiles_data18.sdf,0,1
O=C(NC(C(=O)N1C(C(=O)NC(C(=O)NC(C(=O)N2C(C(=O)NC(C(=O)N3C(C(=O)N4C(C(=O)NC(C(=O)NC(C(=O)NC(C(=O)NC(C(=O)NC(C(=O)NC(C(=O)NC(C(=O)NC(C(=O)NC(C(=O)NCC(=O)N)CCCNC(=N)N)CCCCN)CCCCN)CCCNC(=N)N)CCCNC(=N)N)CCC(=O)N)CCCNC(=N)N)CCCNC(=N)N)CCCNC(=N)N)CCC4)CCC3)CCCNC(=N)N)CCC2)CCCCN)CCCNC(=N)N)CCC1)C(O)C)C(NC(=O)C(NC(=O)C(NC(=O)C(NC(=O)C(NC(=O)C1N(C(=O)C(NC(=O)C(NC(=O)C2N(C(=O)C(NC(=O)C(NC(=O)C(NC(=O)C(N)CC(=O)O)CCC(=O)N)CO)CCCNC(=N)N)CCC2)C(C)C)CCC(=O)N)CCC1)Cc1ccccc1)CC(C)C)CC(=O)N)CC(C)C)C(O)C,1,22,-9.4446535,3.6711962,-1678.8915,123.72717,14.5179,-63.463211,-9.4446535,$HOME/My Research/MDM2/sdf for docking/smiles_data18.sdf,0,1
S(CC(N)C(=O)O)C1C(=O)N(CC2CCC(C(=O)NCc3nnn(CCOCCOCCOCCOCCOCCOCCOCCOCCNC(=O)COCC(=O)NC(C(=O)Nc4ccc(COC(=O)OC5(CC)C(=O)OCC=6C(=O)N7C(c8nc9c(c(CC)c8C7)cc(O)cc9)=CC5=6)cc4)CCCCN)c3)CC2)C(=O)C1,1,39,-9.4091454,7.2196102,88.363312,67.614517,-1.717406,-58.649574,-9.4091454,$HOME/My Research/MDM2/sdf for docking/smiles_data18.sdf,0.0077050193,1
O=C1C(CO)NC(=O)C(C)NC(=O)C(CCN)NC(=O)C(CCN)NC(=O)C(Cc2c3c([nH]c2)cccc3)NC(=O)C(CCN)NC(=O)C(CCN)NC(=O)C(CCCN)NC(=O)C(CCN)NC(=O)C(C(CC)C)NC(=O)C(Cc2c3c([nH]c2)cccc3)NC(=O)C(C(O)C)NC(=O)C2N(C(=O)C3N1CCC3)CCC2,1,53,-9.3564644,3.7632899,121.82017,34.052349,-6.9725103,-53.488235,-9.3564644,$HOME/My Research/MDM2/sdf for docking/smiles_data18.sdf,0,1
O=C([O-])C(NC(=O)C(NC(=O)C(NC(=O)C1N(C(=O)C(NC(=O)C(NC(=O)C(NC(=O)C(NC(=O)C(NC(=O)C([N+])CC(=O)[O-])CCC/[N+]=C(\N)/N)C(C)C)Cc2ccc(O)cc2)C(CC)C)Cc2[nH]cnc2)CCC1)Cc1ccccc1)Cc1[nH]cnc1)CC(C)C,1,30,-9.3229141,4.0731916,-376.14209,72.2155,-10.426987,-62.807602,-9.3229141,$HOME/My Research/MDM2/sdf for docking/smiles_data18.sdf,0.0065383911,1
O=C([O-])C(NC(=O)C(NC(=O)C(NC(=O)C1N(C(=O)C(NC(=O)C(NC(=O)C(NC(=O)C(NC(=O)C(NC(=O)C([N+])CC(=O)[O-])CCC/[N+]=C(\N)/N)C(C)C)Cc2ccc(O)cc2)C(CC)C)Cc2[nH]cnc2)CCC1)Cc1ccccc1)Cc1[nH]cnc1)CC(C)C,1,30,-9.2951088,2.8387113,-382.67758,-65.688118,-9.3526678,-63.749519,-9.2951088,$HOME/My Research/MDM2/sdf for docking/smiles_data18.sdf,0.013076782,1
S(CC(N)C(=O)O)C1C(=O)N(CC2CCC(C(=O)NCc3nnn(CCOCCOCCOCCOCCOCCOCCOCCOCCNC(=O)COCC(=O)NC(C(=O)Nc4ccc(COC(=O)OC5(CC)C(=O)OCC=6C(=O)N7C(c8nc9c(c(CC)c8C7)cc(O)cc9)=CC5=6)cc4)CCCCN)c3)CC2)C(=O)C1,1,39,-9.2883577,4.9762945,92.227852,20.853582,-1.5172805,-61.384491,-9.2883577,$HOME/My Research/MDM2/sdf for docking/smiles_data18.sdf,0.0065383911,1
O=C([O-])C(NC(=O)C(NC(=O)C(NC(=O)C1N(C(=O)C(NC(=O)C(NC(=O)C(NC(=O)C(NC(=O)C(NC(=O)C([N+])CC(=O)[O-])CCC/[N+]=C(\N)/N)C(C)C)Cc2ccc(O)cc2)C(CC)C)Cc2[nH]cnc2)CCC1)Cc1ccccc1)Cc1[nH]cnc1)CC(C)C,1,30,-9.2685184,2.5920143,-395.16556,-17.516882,-10.500066,-58.329075,-9.2685184,$HOME/My Research/MDM2/sdf for docking/smiles_data18.sdf,0.0065383911,1
S(CCC1C(=O)NC2C(=O)NC(C(=O)NC(C(=O)NC(C(=O)O)C(O)C)CCCCN)CSSCC(NC(=O)C(NC(=O)C3N(C(=O)C(NC(=O)C(NC(=O)C(NC(=O)C(N)CC(=O)O)C(O)C)Cc4nc[nH]c4)Cc4ccccc4)CCC3)C(CC)C)C(=O)NC(C(CC)C)C(=O)NC(Cc3ccccc3)C(=O)NC3C(=O)NC4C(=O)NCC(=O)NC(C(=O)NC(C(=O)NC(Cc5nc[nH]c5)C(=O)NC(CCCNC(=N)N)C(=O)NC(CO)C(=O)NC(CCCCN)C(=O)NC(C(=O)NCC(=O)N1)CSSC4)CSSC2)CSSC3)C,1,59,-9.2490158,2.0838215,-66.27356,26.746256,-2.3062787,-57.182495,-9.2490158,$HOME/My Research/MDM2/sdf for docking/smiles_data18.sdf,0,1
S(CCC1C(=O)NC2C(=O)NC(C(=O)NC(C(=O)NC(C(=O)O)C(O)C)CCCCN)CSSCC(NC(=O)C(NC(=O)C3N(C(=O)C(NC(=O)C(NC(=O)C(NC(=O)C(N)CC(=O)O)C(O)C)Cc4nc[nH]c4)Cc4ccccc4)CCC3)C(CC)C)C(=O)NC(C(CC)C)C(=O)NC(Cc3ccccc3)C(=O)NC3C(=O)NC4C(=O)NCC(=O)NC(C(=O)NC(C(=O)NC(Cc5nc[nH]c5)C(=O)NC(CCCNC(=N)N)C(=O)NC(CO)C(=O)NC(CCCCN)C(=O)NC(C(=O)NCC(=O)N1)CSSC4)CSSC2)CSSC3)C,1,59,-9.1342421,3.030575,-73.868347,12.77738,-0.80057412,-58.535042,-9.1342421,$HOME/My Research/MDM2/sdf for docking/smiles_data18.sdf,0.6942423,1
O=C(O)CCC1C(=O)NC(C(CC)C)C(=O)NC(C(=O)N)CSSCC2C(=O)NC(CO)C(=O)NC(CC(=O)O)C(=O)N3C(C(=O)NC(CCCNC(=N)N)C(=O)NC(C(=O)NC(CC(=O)N)C(=O)NC(Cc4ccc(O)cc4)C(=O)NC(CC(=O)O)C(=O)NC(Cc4nc[nH]c4)C(=O)N4C(C(=O)N1)CCC4)CSSCC(NC(=O)CN)C(=O)N2)CCC3,1,26,-9.0735302,2.7501843,-299.10504,-17.985441,-7.0959411,-50.798927,-9.0735302,$HOME/My Research/MDM2/sdf for docking/smiles_data18.sdf,2.4402404,1
S(CCC1C(=O)NC2C(=O)NC(C(=O)NC(C(=O)NC(C(=O)O)C(O)C)CCCCN)CSSCC(NC(=O)C(NC(=O)C3N(C(=O)C(NC(=O)C(NC(=O)C(NC(=O)C(N)CC(=O)O)C(O)C)Cc4nc[nH]c4)Cc4ccccc4)CCC3)C(CC)C)C(=O)NC(C(CC)C)C(=O)NC(Cc3ccccc3)C(=O)NC3C(=O)NC4C(=O)NCC(=O)NC(C(=O)NC(C(=O)NC(Cc5nc[nH]c5)C(=O)NC(CCCNC(=N)N)C(=O)NC(CO)C(=O)NC(CCCCN)C(=O)NC(C(=O)NCC(=O)N1)CSSC4)CSSC2)CSSC3)C,1,59,-9.0496368,2.9815409,-72.104073,-22.071871,-7.1895318,-49.632488,-9.0496368,$HOME/My Research/MDM2/sdf for docking/smiles_data18.sdf,0,1
S(CCC1C(=O)NC2C(=O)NC(C(=O)NC(C(=O)NC(C(=O)O)C(O)C)CCCCN)CSSCC(NC(=O)C(NC(=O)C3N(C(=O)C(NC(=O)C(NC(=O)C(NC(=O)C(N)CC(=O)O)C(O)C)Cc4nc[nH]c4)Cc4ccccc4)CCC3)C(CC)C)C(=O)NC(C(CC)C)C(=O)NC(Cc3ccccc3)C(=O)NC3C(=O)NC4C(=O)NCC(=O)NC(C(=O)NC(C(=O)NC(Cc5nc[nH]c5)C(=O)NC(CCCNC(=N)N)C(=O)NC(CO)C(=O)NC(CCCCN)C(=O)NC(C(=O)NCC(=O)N1)CSSC4)CSSC2)CSSC3)C,1,59,-9.0492182,3.2956736,-62.367718,26.980217,-0.90779638,-49.723248,-9.0492182,$HOME/My Research/MDM2/sdf for docking/smiles_data18.sdf,0,1
S(CCC1C(=O)NC2C(=O)NC(C(=O)NC(C(=O)NC(C(=O)O)C(O)C)CCCCN)CSSCC(NC(=O)C(NC(=O)C3N(C(=O)C(NC(=O)C(NC(=O)C(NC(=O)C(N)CC(=O)O)C(O)C)Cc4nc[nH]c4)Cc4ccccc4)CCC3)C(CC)C)C(=O)NC(C(CC)C)C(=O)NC(Cc3ccccc3)C(=O)NC3C(=O)NC4C(=O)NCC(=O)NC(C(=O)NC(C(=O)NC(Cc5nc[nH]c5)C(=O)NC(CCCNC(=N)N)C(=O)NC(CO)C(=O)NC(CCCCN)C(=O)NC(C(=O)NCC(=O)N1)CSSC4)CSSC2)CSSC3)C,1,59,-8.9713001,2.4090042,-83.449257,-6.8003817,-7.4690967,-53.720619,-8.9713001,$HOME/My Research/MDM2/sdf for docking/smiles_data18.sdf,0,1
O=C1C(CO)NC(=O)C(C)NC(=O)C(CCN)NC(=O)C(CCN)NC(=O)C(Cc2c3c([nH]c2)cccc3)NC(=O)C(CCN)NC(=O)C(CCN)NC(=O)C(CCCN)NC(=O)C(CCN)NC(=O)C(C(CC)C)NC(=O)C(Cc2c3c([nH]c2)cccc3)NC(=O)C(C(O)C)NC(=O)C2N(C(=O)C3N1CCC3)CCC2,1,53,-8.9561157,2.5004728,126.97277,-28.076775,-8.6171036,-52.733692,-8.9561157,$HOME/My Research/MDM2/sdf for docking/smiles_data18.sdf,0,1
O=C([O-])C(NC(=O)C(NC(=O)C(NC(=O)C1N(C(=O)C(NC(=O)C(NC(=O)C(NC(=O)C(NC(=O)C(NC(=O)C([N+])CC(=O)[O-])CCC/[N+]=C(\N)/N)C(C)C)Cc2ccc(O)cc2)C(CC)C)Cc2[nH]cnc2)CCC1)Cc1ccccc1)Cc1[nH]cnc1)CC(C)C,1,30,-8.9192133,2.5281084,-406.91248,-23.315239,-8.9941206,-58.034283,-8.9192133,$HOME/My Research/MDM2/sdf for docking/smiles_data18.sdf,0,1
O=C(O)CCC1C(=O)NC(C(CC)C)C(=O)NC(C(=O)N)CSSCC2C(=O)NC(CO)C(=O)NC(CC(=O)O)C(=O)N3C(C(=O)NC(CCCNC(=N)N)C(=O)NC(C(=O)NC(CC(=O)N)C(=O)NC(Cc4ccc(O)cc4)C(=O)NC(CC(=O)O)C(=O)NC(Cc4nc[nH]c4)C(=O)N4C(C(=O)N1)CCC4)CSSCC(NC(=O)CN)C(=O)N2)CCC3,1,26,-8.6992788,2.6424084,-296.94424,-84.027519,-8.2958813,-49.332397,-8.6992788,$HOME/My Research/MDM2/sdf for docking/smiles_data18.sdf,2.4402404,1
Clc1c(OC)cc2cc1N(C)C(=O)CC(OC(=O)C(N(C(=O)CCC(SSCCC(S(=O)(=O)O)C(=O)N)(C)C)C)C)C1(C)OC1C(C)C1OC(=O)NC(O)(C(OC)C=CC=C(C)C2)C1,1,49,-8.4323282,5.2666397,-18.383673,-64.937088,-9.1930504,-52.867649,-8.4323282,$HOME/My Research/MDM2/sdf for docking/smiles_data18.sdf,0,1
O=C(O)CCC1C(=O)NC(C(CC)C)C(=O)NC(C(=O)N)CSSCC2C(=O)NC(CO)C(=O)NC(CC(=O)O)C(=O)N3C(C(=O)NC(CCCNC(=N)N)C(=O)NC(C(=O)NC(CC(=O)N)C(=O)NC(Cc4ccc(O)cc4)C(=O)NC(CC(=O)O)C(=O)NC(Cc4nc[nH]c4)C(=O)N4C(C(=O)N1)CCC4)CSSCC(NC(=O)CN)C(=O)N2)CCC3,1,26,-8.2598782,1.6656921,-173.38133,-79.782768,-10.56547,-43.698097,-8.2598782,$HOME/My Research/MDM2/sdf for docking/smiles_data18.sdf,2.4402404,1
O=C1C(CO)NC(=O)C(C)NC(=O)C(CCN)NC(=O)C(CCN)NC(=O)C(Cc2c3c([nH]c2)cccc3)NC(=O)C(CCN)NC(=O)C(CCN)NC(=O)C(CCCN)NC(=O)C(CCN)NC(=O)C(C(CC)C)NC(=O)C(Cc2c3c([nH]c2)cccc3)NC(=O)C(C(O)C)NC(=O)C2N(C(=O)C3N1CCC3)CCC2,1,53,-8.1482306,2.5193126,119.21567,4.288507,-7.3999848,-47.235561,-8.1482306,$HOME/My Research/MDM2/sdf for docking/smiles_data18.sdf,0,1
O=C(O)CCC1C(=O)NC(C(CC)C)C(=O)NC(C(=O)N)CSSCC2C(=O)NC(CO)C(=O)NC(CC(=O)O)C(=O)N3C(C(=O)NC(CCCNC(=N)N)C(=O)NC(C(=O)NC(CC(=O)N)C(=O)NC(Cc4ccc(O)cc4)C(=O)NC(CC(=O)O)C(=O)NC(Cc4nc[nH]c4)C(=O)N4C(C(=O)N1)CCC4)CSSCC(NC(=O)CN)C(=O)N2)CCC3,1,26,-8.0839815,2.6136229,-295.39795,-14.033154,-7.8013763,-46.773045,-8.0839815,$HOME/My Research/MDM2/sdf for docking/smiles_data18.sdf,2.4402404,1
Fc1c(CC2C(=O)N(Cc3nc(N4CC(N5CCN(CC)CC5)C4)ccc3)CC3N(C(=O)NCc4ccccc4)N(CC=C)CC(=O)N23)ccc(O)c1,1,47,-8.0505447,1.580716,82.433136,-62.581791,-9.7220106,-44.215992,-8.0505447,$HOME/My Research/MDM2/sdf for docking/smiles_data18.sdf,0.016866408,1
O=C(OCCCCCCCCCCCCCCCC)COc1c2c(ccc1)CC1C(CCC(O)CCCCC)C(O)CC1C2,1,34,-7.9314513,3.2412765,42.269924,-58.658115,-9.0342417,-47.821056,-7.9314513,$HOME/My Research/MDM2/sdf for docking/smiles_data18.sdf,0.76220703,1
O=C1C(CO)NC(=O)C(C)NC(=O)C(CCN)NC(=O)C(CCN)NC(=O)C(Cc2c3c([nH]c2)cccc3)NC(=O)C(CCN)NC(=O)C(CCN)NC(=O)C(CCCN)NC(=O)C(CCN)NC(=O)C(C(CC)C)NC(=O)C(Cc2c3c([nH]c2)cccc3)NC(=O)C(C(O)C)NC(=O)C2N(C(=O)C3N1CCC3)CCC2,1,53,-7.9146452,1.5441293,127.8398,-45.869698,-8.1434965,-41.55621,-7.9146452,$HOME/My Research/MDM2/sdf for docking/smiles_data18.sdf,2.9189463,1
O=C1C(CO)NC(=O)C(C)NC(=O)C(CCN)NC(=O)C(CCN)NC(=O)C(Cc2c3c([nH]c2)cccc3)NC(=O)C(CCN)NC(=O)C(CCN)NC(=O)C(CCCN)NC(=O)C(CCN)NC(=O)C(C(CC)C)NC(=O)C(Cc2c3c([nH]c2)cccc3)NC(=O)C(C(O)C)NC(=O)C2N(C(=O)C3N1CCC3)CCC2,1,53,-7.8848567,2.5403283,139.12621,-47.254215,-7.1378908,-42.651642,-7.8848567,$HOME/My Research/MDM2/sdf for docking/smiles_data18.sdf,2.9189463,1
P(=O)(OCC1(F)C(O)C(F)(C)C(n2c3nc(N)nc(OCC)c3nc2)O1)(Oc1ccccc1)NC(C(=O)OC(C)C)C,1,5,-7.8141122,1.7643214,-37.922588,-75.83429,-10.258999,-39.261211,-7.8141122,$HOME/My Research/MDM2/sdf for docking/smiles_data18.sdf,2.0793688,1
Fc1c(CC2C(=O)N(Cc3nc(N4CC(N5CCN(CC)CC5)C4)ccc3)CC3N(C(=O)NCc4ccccc4)N(CC=C)CC(=O)N23)ccc(O)c1,1,47,-7.792973,2.5027828,77.908791,-72.193581,-9.397294,-42.789917,-7.792973,$HOME/My Research/MDM2/sdf for docking/smiles_data18.sdf,0.0065383911,1
Fc1c(CC2C(=O)N(Cc3nc(N4CC(N5CCN(CC)CC5)C4)ccc3)CC3N(C(=O)NCc4ccccc4)N(CC=C)CC(=O)N23)ccc(O)c1,1,47,-7.7636108,1.8556569,88.93486,-56.317307,-11.161722,-43.933525,-7.7636108,$HOME/My Research/MDM2/sdf for docking/smiles_data18.sdf,0.016866408,1
O=C(OCCCCCCCCCCCCCCCC)COc1c2c(ccc1)CC1C(CCC(O)CCCCC)C(O)CC1C2,1,34,-7.7524114,2.4287128,45.08559,-63.689156,-11.448107,-40.946339,-7.7524114,$HOME/My Research/MDM2/sdf for docking/smiles_data18.sdf,0.76220703,1
O=C(OCCCCCCCCCCCCCCCC)COc1c2c(ccc1)CC1C(CCC(O)CCCCC)C(O)CC1C2,1,34,-7.7357788,2.4821692,38.682987,-7.3416142,-8.6047153,-39.343605,-7.7357788,$HOME/My Research/MDM2/sdf for docking/smiles_data18.sdf,0.95044595,1
P(=O)(OCC1(F)C(O)C(F)(C)C(n2c3nc(N)nc(OCC)c3nc2)O1)(Oc1ccccc1)NC(C(=O)OC(C)C)C,1,5,-7.703989,2.5140514,-36.78656,-83.98278,-9.4020224,-41.827019,-7.703989,$HOME/My Research/MDM2/sdf for docking/smiles_data18.sdf,0.89307761,1
O=C(OC1C2CCN(C1)CC2)NC(c1cc(OCc2n(C)nc(C(=O)OCCCCNCC(O)c3c4c(c(O)cc3)NC(=O)C=C4)c2)ccc1)c1ccccc1,1,3,-7.6550808,3.8259318,41.527237,-62.73452,-9.0307922,-41.151829,-7.6550808,$HOME/My Research/MDM2/sdf for docking/smiles_data18.sdf,0.46152386,1
O=C(Nc1nc2c(c(OCCN(C)C)c1)cccc2)c1nc(C(=O)Nc2nc3c(c(OCCN(C)C)c2)cccc3)cc(OCCN)c1,1,17,-7.6326585,2.4261601,10.188273,-50.756981,-10.155223,-44.309822,-7.6326585,$HOME/My Research/MDM2/sdf for docking/smiles_data18.sdf,0.32944086,1
S(=O)(=O)(Nc1c(OC)ncc(-c2nc(N3CCOCC3)nc3c(CN4CCC(C(O)(C)C)CC4)cc(F)cc23)c1)C,1,43,-7.5772176,1.0275524,-108.72265,-96.115585,-10.078389,-42.700542,-7.5772176,$HOME/My Research/MDM2/sdf for docking/smiles_data18.sdf,3.8659449,1
O=C(NC(C(O)C(O)CCCCCCCCCCCCCC)COC1C(O)C(O)C(O)C(CO)O1)CCCCCCCCCC,1,32,-7.5758424,2.4313014,110.71774,-57.586647,-8.7043056,-39.48806,-7.5758424,$HOME/My Research/MDM2/sdf for docking/smiles_data18.sdf,0.90478212,1
O=C(OC1C2CCN(C1)CC2)NC(c1cc(OCc2n(C)nc(C(=O)OCCCCNCC(O)c3c4c(c(O)cc3)NC(=O)C=C4)c2)ccc1)c1ccccc1,1,3,-7.5636191,2.7807906,41.515057,-44.180038,-8.561039,-44.355877,-7.5636191,$HOME/My Research/MDM2/sdf for docking/smiles_data18.sdf,0.46152386,1
O=C(OCCCCCCCCCCCCCCCC)COc1c2c(ccc1)CC1C(CCC(O)CCCCC)C(O)CC1C2,1,34,-7.5566225,2.0232654,37.029655,-76.990059,-9.9715948,-36.368534,-7.5566225,$HOME/My Research/MDM2/sdf for docking/smiles_data18.sdf,0.95044595,1
O=C(OCCCCCCCCCCCCCCCC)COc1c2c(ccc1)CC1C(CCC(O)CCCCC)C(O)CC1C2,1,34,-7.5293698,2.2582016,41.07312,-63.505413,-8.9349918,-39.913403,-7.5293698,$HOME/My Research/MDM2/sdf for docking/smiles_data18.sdf,0.76220703,1
Fc1c(CC2C(=O)N(Cc3nc(N4CC(N5CCN(CC)CC5)C4)ccc3)CC3N(C(=O)NCc4ccccc4)N(CC=C)CC(=O)N23)ccc(O)c1,1,47,-7.5254192,1.5592707,79.6091,-86.272736,-9.73596,-41.359127,-7.5254192,$HOME/My Research/MDM2/sdf for docking/smiles_data18.sdf,0.016866408,1
O=C(NC(C(O)C(O)CCCCCCCCCCCCCC)COC1C(O)C(O)C(O)C(CO)O1)CCCCCCCCCC,1,32,-7.512311,3.0308936,108.31414,-43.73859,-8.9473457,-43.953022,-7.512311,$HOME/My Research/MDM2/sdf for docking/smiles_data18.sdf,1.090332,1
Clc1c(OC)cc2cc1N(C)C(=O)CC(OC(=O)C(N(C(=O)CCC(SSCCC(S(=O)(=O)O)C(=O)N)(C)C)C)C)C1(C)OC1C(C)C1OC(=O)NC(O)(C(OC)C=CC=C(C)C2)C1,1,49,-7.5089111,4.5317168,-18.228363,-22.290768,-9.6918354,-41.526894,-7.5089111,$HOME/My Research/MDM2/sdf for docking/smiles_data18.sdf,0,1
S(=O)(=O)(Nc1c(OC)ncc(-c2nc(N3CCOCC3)nc3c(CN4CCC(C(O)(C)C)CC4)cc(F)cc23)c1)C,1,43,-7.4438586,1.6282499,-101.07872,-93.06147,-10.724245,-37.998177,-7.4438586,$HOME/My Research/MDM2/sdf for docking/smiles_data18.sdf,3.7835686,1
O=C(OC1C2CCN(C1)CC2)NC(c1cc(OCc2n(C)nc(C(=O)OCCCCNCC(O)c3c4c(c(O)cc3)NC(=O)C=C4)c2)ccc1)c1ccccc1,1,3,-7.4348278,1.8591386,39.677155,-27.869629,-9.1526785,-33.81641,-7.4348278,$HOME/My Research/MDM2/sdf for docking/smiles_data18.sdf,0.46152386,1
Fc1c(CC2C(=O)N(Cc3nc(N4CC(N5CCN(CC)CC5)C4)ccc3)CC3N(C(=O)NCc4ccccc4)N(CC=C)CC(=O)N23)ccc(O)c1,1,47,-7.4304409,2.7765119,78.915688,-32.814396,-9.1149845,-40.172478,-7.4304409,$HOME/My Research/MDM2/sdf for docking/smiles_data18.sdf,0.016866408,1
P(=O)(OCC1(F)C(O)C(F)(C)C(n2c3nc(N)nc(OCC)c3nc2)O1)(Oc1ccccc1)NC(C(=O)OC(C)C)C,1,5,-7.4248939,0.9660213,-52.967758,-53.398033,-9.9011679,-41.416286,-7.4248939,$HOME/My Research/MDM2/sdf for docking/smiles_data18.sdf,1.5703125,1
Clc1c(OC)cc2cc1N(C)C(=O)CC(OC(=O)C(N(C(=O)CCC(SSCCC(S(=O)(=O)O)C(=O)N)(C)C)C)C)C1(C)OC1C(C)C1OC(=O)NC(O)(C(OC)C=CC=C(C)C2)C1,1,49,-7.4224315,3.6183753,-21.41069,-48.908974,-8.510972,-44.214554,-7.4224315,$HOME/My Research/MDM2/sdf for docking/smiles_data18.sdf,0,1
FC(F)(F)c1ncnc(-c2c(NC(=O)C=3C(=O)N(Cc4c(F)c(F)c(OCCN(CCOC)C)cc4)N(C)C4(C=3O)CCCC4)ccc(C(F)(F)F)c2)c1,1,13,-7.4091573,1.4291546,154.76804,-39.389641,-9.7140017,-41.971191,-7.4091573,$HOME/My Research/MDM2/sdf for docking/smiles_data18.sdf,0.24926758,1
S(=O)(=O)(Nc1c(OC)ncc(-c2nc(N3CCOCC3)nc3c(CN4CCC(C(O)(C)C)CC4)cc(F)cc23)c1)C,1,43,-7.4058456,1.3252705,-110.41754,-101.97724,-10.337893,-41.890686,-7.4058456,$HOME/My Research/MDM2/sdf for docking/smiles_data18.sdf,3.8659449,1
O=C(Nc1ncc(Oc2c3c(ncc2)cc(OC)c(OC)c3)cc1)C=1C(=O)N(c2ccccc2)C2=C(C(=O)CCC2)C=1,1,28,-7.4005752,1.6229318,-35.707016,-120.45938,-11.497938,-41.017414,-7.4005752,$HOME/My Research/MDM2/sdf for docking/smiles_data18.sdf,0,1
S(=O)(=O)(Nc1c(OC)ncc(-c2nc(N3CCOCC3)nc3c(CN4CCC(C(O)(C)C)CC4)cc(F)cc23)c1)C,1,43,-7.3706255,1.0553273,-109.34203,-76.125366,-10.243484,-41.507366,-7.3706255,$HOME/My Research/MDM2/sdf for docking/smiles_data18.sdf,0,1
O=C(Nc1nc2c(c(OCCN(C)C)c1)cccc2)c1nc(C(=O)Nc2nc3c(c(OCCN(C)C)c2)cccc3)cc(OCCN)c1,1,17,-7.3418417,2.4021764,8.7205629,-73.223915,-11.120733,-43.733696,-7.3418417,$HOME/My Research/MDM2/sdf for docking/smiles_data18.sdf,0.32944086,1
S(=O)(=O)(Nc1c(OC)ncc(-c2nc(N3CCOCC3)nc3c(CN4CCC(C(O)(C)C)CC4)cc(F)cc23)c1)C,1,43,-7.3163714,1.2685608,-106.59147,-88.599068,-10.103219,-40.081043,-7.3163714,$HOME/My Research/MDM2/sdf for docking/smiles_data18.sdf,0,1
O=C(Nc1nc2c(c(OCCN(C)C)c1)cccc2)c1nc(C(=O)Nc2nc3c(c(OCCN(C)C)c2)cccc3)cc(OCCN)c1,1,17,-7.3159285,4.9517674,6.7377305,-36.933071,-10.40413,-37.778126,-7.3159285,$HOME/My Research/MDM2/sdf for docking/smiles_data18.sdf,0.74169922,1
O=C(NC(C(O)C(O)CCCCCCCCCCCCCC)COC1C(O)C(O)C(O)C(CO)O1)CCCCCCCCCC,1,32,-7.2759418,5.7101836,103.22946,-65.809898,-8.7023487,-38.347912,-7.2759418,$HOME/My Research/MDM2/sdf for docking/smiles_data18.sdf,0.37378111,1
O=C(OC1C2CCN(C1)CC2)NC(c1cc(OCc2n(C)nc(C(=O)OCCCCNCC(O)c3c4c(c(O)cc3)NC(=O)C=C4)c2)ccc1)c1ccccc1,1,3,-7.264504,3.1758955,39.955379,-51.819492,-8.6350365,-38.583355,-7.264504,$HOME/My Research/MDM2/sdf for docking/smiles_data18.sdf,0.46152386,1
P(=O)(OCC1(F)C(O)C(F)(C)C(n2c3nc(N)nc(OCC)c3nc2)O1)(Oc1ccccc1)NC(C(=O)OC(C)C)C,1,5,-7.2559237,2.911624,-40.450626,-69.823532,-9.8441868,-39.520084,-7.2559237,$HOME/My Research/MDM2/sdf for docking/smiles_data18.sdf,1.7192622,1
O=C(OC1C2CCN(C1)CC2)NC(c1cc(OCc2n(C)nc(C(=O)OCCCCNCC(O)c3c4c(c(O)cc3)NC(=O)C=C4)c2)ccc1)c1ccccc1,1,3,-7.2513413,1.2413788,39.870407,-79.805725,-11.407695,-29.616447,-7.2513413,$HOME/My Research/MDM2/sdf for docking/smiles_data18.sdf,0.46152386,1
FC(F)(F)c1ncnc(-c2c(NC(=O)C=3C(=O)N(Cc4c(F)c(F)c(OCCN(CCOC)C)cc4)N(C)C4(C=3O)CCCC4)ccc(C(F)(F)F)c2)c1,1,13,-7.2455955,1.3052226,159.38194,-84.099968,-10.618904,-37.826,-7.2455955,$HOME/My Research/MDM2/sdf for docking/smiles_data18.sdf,0,1
Clc1c(OC)cc2cc1N(C)C(=O)CC(OC(=O)C(N(C(=O)CCC(SSCCC(S(=O)(=O)O)C(=O)N)(C)C)C)C)C1(C)OC1C(C)C1OC(=O)NC(O)(C(OC)C=CC=C(C)C2)C1,1,49,-7.2441711,4.3332548,-25.705795,-18.054724,-9.2349987,-38.909191,-7.2441711,$HOME/My Research/MDM2/sdf for docking/smiles_data18.sdf,0,1
P(=O)(OCC1(F)C(O)C(F)(C)C(n2c3nc(N)nc(OCC)c3nc2)O1)(Oc1ccccc1)NC(C(=O)OC(C)C)C,1,5,-7.2393389,1.8453594,-38.193897,-73.312706,-9.899209,-38.758633,-7.2393389,$HOME/My Research/MDM2/sdf for docking/smiles_data18.sdf,1.5407596,1
O=C(Nc1ncc(Oc2c3c(ncc2)cc(OC)c(OC)c3)cc1)C=1C(=O)N(c2ccccc2)C2=C(C(=O)CCC2)C=1,1,28,-7.232614,1.4954495,-34.187592,-84.614693,-10.040973,-42.121956,-7.232614,$HOME/My Research/MDM2/sdf for docking/smiles_data18.sdf,2.6309788,1
FC(F)(F)c1ncnc(-c2c(NC(=O)C=3C(=O)N(Cc4c(F)c(F)c(OCCN(CCOC)C)cc4)N(C)C4(C=3O)CCCC4)ccc(C(F)(F)F)c2)c1,1,13,-7.1954622,1.5007433,152.62164,-92.514763,-10.314821,-38.742981,-7.1954622,$HOME/My Research/MDM2/sdf for docking/smiles_data18.sdf,0.56445313,1
O=C(NC(C(O)C(O)CCCCCCCCCCCCCC)COC1C(O)C(O)C(O)C(CO)O1)CCCCCCCCCC,1,32,-7.1809258,2.5275609,107.26125,-74.896431,-8.5001163,-39.069725,-7.1809258,$HOME/My Research/MDM2/sdf for docking/smiles_data18.sdf,0.90478212,1
O=C(NC(C(O)C(O)CCCCCCCCCCCCCC)COC1C(O)C(O)C(O)C(CO)O1)CCCCCCCCCC,1,32,-7.1751132,2.5309477,107.49385,-52.737171,-8.9536276,-38.725693,-7.1751132,$HOME/My Research/MDM2/sdf for docking/smiles_data18.sdf,0.90478212,1
P(=O)(OC(=O)C)(O)N(CC1OC(=O)N(c2c(F)c(F)c(N3C=CC(=O)CC3)c(F)c2)C1)c1nocc1,1,60,-7.1730938,1.9700723,-199.33365,-80.729912,-10.330523,-41.46664,-7.1730938,$HOME/My Research/MDM2/sdf for docking/smiles_data18.sdf,2.0032051,1
Clc1c(OC)cc2cc1N(C)C(=O)CC(OC(=O)C(N(C(=O)CCC(SSCCC(S(=O)(=O)O)C(=O)N)(C)C)C)C)C1(C)OC1C(C)C1OC(=O)NC(O)(C(OC)C=CC=C(C)C2)C1,1,49,-7.1711679,4.4487262,-33.9482,-46.831142,-9.5452881,-43.50507,-7.1711679,$HOME/My Research/MDM2/sdf for docking/smiles_data18.sdf,0,1
O=C(OC)c1cc(CCN(CCCC(C#N)(C(C)C)c2cc(OC)c(OC)cc2)C)ccc1,1,52,-7.1620998,2.1832383,97.959953,-57.736958,-9.3507853,-37.44352,-7.1620998,$HOME/My Research/MDM2/sdf for docking/smiles_data18.sdf,0,1
O=C(Nc1ncc(Oc2c3c(ncc2)cc(OC)c(OC)c3)cc1)C=1C(=O)N(c2ccccc2)C2=C(C(=O)CCC2)C=1,1,28,-7.1544714,2.6065912,-34.658794,-75.104561,-9.8511152,-39.52301,-7.1544714,$HOME/My Research/MDM2/sdf for docking/smiles_data18.sdf,2.6309788,1
O=C(OCON=C(C(=O)NC1C(=O)N2C(C(=O)O)=C(C=C)CSC12)c1nc(N)sc1)C(C)(C)C,1,20,-7.1232209,2.0887685,77.526367,-58.329803,-9.276516,-36.083046,-7.1232209,$HOME/My Research/MDM2/sdf for docking/smiles_data18.sdf,1.5662677,1
P(=O)(OC(=O)C)(O)N(CC1OC(=O)N(c2c(F)c(F)c(N3C=CC(=O)CC3)c(F)c2)C1)c1nocc1,1,60,-7.1112242,1.3812867,-211.77716,-86.736382,-9.9164543,-41.602394,-7.1112242,$HOME/My Research/MDM2/sdf for docking/smiles_data18.sdf,1.0126953,1
O=C(O)c1ccc(C2N(Cc3c(OC)cc(C)c4[nH]ccc34)CCC(OCC)C2)cc1,1,19,-7.0828352,1.2040659,-8.9504166,-63.574184,-9.7707319,-35.786018,-7.0828352,$HOME/My Research/MDM2/sdf for docking/smiles_data18.sdf,2.7811673,1
O=C(c1c2c(n(C)c1)ccc(Nc1nc(-n3nc(C)c(CN4OCC(O)C4)c3)ccn1)c2)C1CC1,1,41,-7.0697584,1.350107,169.0163,-107.09689,-10.581696,-36.888481,-7.0697584,$HOME/My Research/MDM2/sdf for docking/smiles_data18.sdf,2.3926809,1
O=C(OCON=C(C(=O)NC1C(=O)N2C(C(=O)O)=C(C=C)CSC12)c1nc(N)sc1)C(C)(C)C,1,20,-7.0646105,2.6942811,71.218384,-68.641724,-9.213316,-40.045109,-7.0646105,$HOME/My Research/MDM2/sdf for docking/smiles_data18.sdf,0.86561817,1
O(CC)CC1(COCC)CCC(c2c(CN(CCNC)C)cn[nH]2)CC1,1,16,-7.0607562,2.3454511,87.204895,-54.648624,-8.2535563,-33.943977,-7.0607562,$HOME/My Research/MDM2/sdf for docking/smiles_data18.sdf,0,1
O=C(O)c1ccc(C2N(Cc3c(OC)cc(C)c4[nH]ccc34)CCC(OCC)C2)cc1,1,19,-7.04634,1.6060053,-5.1354818,-59.283241,-9.5019665,-38.058941,-7.04634,$HOME/My Research/MDM2/sdf for docking/smiles_data18.sdf,2.4035468,1
O=C(C)N1CCC(Nc2ncnc(C(=O)NCC(O)CN3Cc4c(cccc4)CC3)c2)CC1,1,4,-7.0454731,2.4401977,-102.77174,-56.290138,-9.8915386,-37.264893,-7.0454731,$HOME/My Research/MDM2/sdf for docking/smiles_data18.sdf,1.1022381,1
O=C(c1c2c(n(C)c1)ccc(Nc1nc(-n3nc(C)c(CN4OCC(O)C4)c3)ccn1)c2)C1CC1,1,41,-7.0359988,2.9003541,166.05313,-94.741035,-9.732214,-40.342712,-7.0359988,$HOME/My Research/MDM2/sdf for docking/smiles_data18.sdf,2.5423913,1
P(=O)(OC(=O)C)(O)N(CC1OC(=O)N(c2c(F)c(F)c(N3C=CC(=O)CC3)c(F)c2)C1)c1nocc1,1,60,-7.0152278,1.4116913,-214.8027,-103.84259,-11.15313,-40.224075,-7.0152278,$HOME/My Research/MDM2/sdf for docking/smiles_data18.sdf,1.1279082,1
O=C(Nc1ncc(Oc2c3c(ncc2)cc(OC)c(OC)c3)cc1)C=1C(=O)N(c2ccccc2)C2=C(C(=O)CCC2)C=1,1,28,-7.0141029,1.8189445,-36.502892,-88.487999,-9.7222347,-37.585819,-7.0141029,$HOME/My Research/MDM2/sdf for docking/smiles_data18.sdf,2.6309788,1
O=C(Nc1nc2c(c(OCCN(C)C)c1)cccc2)c1nc(C(=O)Nc2nc3c(c(OCCN(C)C)c2)cccc3)cc(OCCN)c1,1,17,-7.0074859,2.8241084,13.959525,-54.88121,-9.1318007,-33.153412,-7.0074859,$HOME/My Research/MDM2/sdf for docking/smiles_data18.sdf,0,1
S(=O)(=O)(Nc1c(F)c(C(=O)c2c3c([nH]c2)ncc(-c2cnc(C4CC4)nc2)c3)c(F)cc1)N1CC(F)CC1,1,1,-7.0050855,1.7625828,75.714882,-81.544563,-10.386609,-38.449017,-7.0050855,$HOME/My Research/MDM2/sdf for docking/smiles_data18.sdf,3.9873581,1
FC(F)(F)c1ncnc(-c2c(NC(=O)C=3C(=O)N(Cc4c(F)c(F)c(OCCN(CCOC)C)cc4)N(C)C4(C=3O)CCCC4)ccc(C(F)(F)F)c2)c1,1,13,-7.0048199,3.2340076,155.42061,-54.159557,-9.7143908,-38.403503,-7.0048199,$HOME/My Research/MDM2/sdf for docking/smiles_data18.sdf,0.24926758,1
P(=O)(OC(=O)C)(O)N(CC1OC(=O)N(c2c(F)c(F)c(N3C=CC(=O)CC3)c(F)c2)C1)c1nocc1,1,60,-6.9958668,2.0609782,-201.37318,-92.428864,-10.230218,-40.478035,-6.9958668,$HOME/My Research/MDM2/sdf for docking/smiles_data18.sdf,0.97055191,1
O=C(c1c2c(n(C)c1)ccc(Nc1nc(-n3nc(C)c(CN4OCC(O)C4)c3)ccn1)c2)C1CC1,1,41,-6.9866552,1.5174289,170.11252,-73.84845,-9.6765432,-40.332458,-6.9866552,$HOME/My Research/MDM2/sdf for docking/smiles_data18.sdf,2.7152853,1
Clc1c(c(Cl)c(OC)cc1OC)-c1cc2c(nc(NC3C(NC(=O)C=C)CCOC3)nc2)cc1,1,62,-6.9848814,2.0879357,-78.884903,-86.770134,-9.4520826,-35.005318,-6.9848814,$HOME/My Research/MDM2/sdf for docking/smiles_data18.sdf,0,1
FC(F)(F)C(O)(C(=O)N)CNc1c(F)cnc(-c2nn(Cc3c(F)cccc3)c(-c3nocc3)c2)n1,1,14,-6.9744778,1.6586318,124.86416,-87.793839,-9.5749683,-40.515644,-6.9744778,$HOME/My Research/MDM2/sdf for docking/smiles_data18.sdf,2.6816986,1
FC(F)(F)c1c(Nc2c(NC(=O)C=C)cc(C)cc2)nc(Nc2c(C)cnc(OC)c2)nc1,1,8,-6.9655652,1.5812869,-211.07025,-71.08287,-10.229568,-35.840652,-6.9655652,$HOME/My Research/MDM2/sdf for docking/smiles_data18.sdf,1.739031,1
FC(F)(F)c1ncnc(-c2c(NC(=O)C=3C(=O)N(Cc4c(F)c(F)c(OCCN(CCOC)C)cc4)N(C)C4(C=3O)CCCC4)ccc(C(F)(F)F)c2)c1,1,13,-6.9649749,2.0434904,150.92393,-88.360947,-10.707962,-38.939091,-6.9649749,$HOME/My Research/MDM2/sdf for docking/smiles_data18.sdf,0.24926758,1
FC(F)(F)C(O)(C(=O)N)CNc1c(F)cnc(-c2nn(Cc3c(F)cccc3)c(-c3nocc3)c2)n1,1,14,-6.961287,1.1646382,123.82069,-67.445946,-10.355564,-38.686592,-6.961287,$HOME/My Research/MDM2/sdf for docking/smiles_data18.sdf,1.3635734,1
FC(F)(F)C(O)(C(=O)N)CNc1c(F)cnc(-c2nn(Cc3c(F)cccc3)c(-c3nocc3)c2)n1,1,14,-6.9582257,1.8789644,123.8027,-94.76757,-9.801404,-38.356728,-6.9582257,$HOME/My Research/MDM2/sdf for docking/smiles_data18.sdf,1.0600741,1
O=C(c1c2c(n(C)c1)ccc(Nc1nc(-n3nc(C)c(CN4OCC(O)C4)c3)ccn1)c2)C1CC1,1,41,-6.9493327,1.909767,168.19968,-95.440254,-10.300981,-32.005444,-6.9493327,$HOME/My Research/MDM2/sdf for docking/smiles_data18.sdf,1.722481,1
O=C(Nc1ncc(Oc2c3c(ncc2)cc(OC)c(OC)c3)cc1)C=1C(=O)N(c2ccccc2)C2=C(C(=O)CCC2)C=1,1,28,-6.9416876,1.7508211,-39.177223,-63.005718,-10.408982,-37.124222,-6.9416876,$HOME/My Research/MDM2/sdf for docking/smiles_data18.sdf,0,1
O=C(OCON=C(C(=O)NC1C(=O)N2C(C(=O)O)=C(C=C)CSC12)c1nc(N)sc1)C(C)(C)C,1,20,-6.9216852,1.6130154,74.66053,-66.288963,-9.2757225,-31.939968,-6.9216852,$HOME/My Research/MDM2/sdf for docking/smiles_data18.sdf,2.421833,1
P(=O)(OC(=O)C)(O)N(CC1OC(=O)N(c2c(F)c(F)c(N3C=CC(=O)CC3)c(F)c2)C1)c1nocc1,1,60,-6.9208679,1.7553601,-199.22598,-79.880966,-12.295181,-37.886307,-6.9208679,$HOME/My Research/MDM2/sdf for docking/smiles_data18.sdf,2.0032051,1
S(=O)(=O)(OC1Cn2c3c(F)cccc3c(CC(=O)OCC)c2CC1)C,1,33,-6.9113765,1.6020838,33.74971,-54.476074,-8.5472775,-36.531322,-6.9113765,$HOME/My Research/MDM2/sdf for docking/smiles_data18.sdf,2.7125542,1
FC(F)(F)c1c(Nc2c(NC(=O)C=C)cc(C)cc2)nc(Nc2c(C)cnc(OC)c2)nc1,1,8,-6.9027457,1.8157226,-211.43893,-45.428688,-9.2457552,-33.750198,-6.9027457,$HOME/My Research/MDM2/sdf for docking/smiles_data18.sdf,1.6041551,1
O=C(Nc1nc2c(c(OCCN(C)C)c1)cccc2)c1nc(C(=O)Nc2nc3c(c(OCCN(C)C)c2)cccc3)cc(OCCN)c1,1,17,-6.896522,1.5711966,7.6917653,-66.316154,-9.5618229,-34.506191,-6.896522,$HOME/My Research/MDM2/sdf for docking/smiles_data18.sdf,1.3125,1
O=C(OCON=C(C(=O)NC1C(=O)N2C(C(=O)O)=C(C=C)CSC12)c1nc(N)sc1)C(C)(C)C,1,20,-6.8758564,2.2366016,75.189049,-68.187569,-9.3196669,-36.653584,-6.8758564,$HOME/My Research/MDM2/sdf for docking/smiles_data18.sdf,1.5562527,1
OC1C(CNC2=Nc3c(C(C)C)cnn3C(NCc3ccccc3)=C2)CCNC1,1,57,-6.8730459,1.7608356,77.435242,-67.814636,-9.4180937,-34.435768,-6.8730459,$HOME/My Research/MDM2/sdf for docking/smiles_data18.sdf,2.3477507,1
FC(F)(F)C(O)(C(=O)N)CNc1c(F)cnc(-c2nn(Cc3c(F)cccc3)c(-c3nocc3)c2)n1,1,14,-6.8680072,2.1629138,124.51154,-73.692787,-10.081543,-37.46537,-6.8680072,$HOME/My Research/MDM2/sdf for docking/smiles_data18.sdf,2.6816986,1
Fc1c(-c2c(F)ccc(C(=O)Nc3c(N4CC(N)C(O)C(C)C4)c4c(C(O)CC4)nc3)n2)c(F)ccc1,1,6,-6.8633409,2.5776238,151.67372,-93.451538,-9.6575298,-35.970737,-6.8633409,$HOME/My Research/MDM2/sdf for docking/smiles_data18.sdf,2.8632813,1
FC(F)(F)c1nccc(-c2c(C)cc(C(Nc3nc(N4C(=O)OCC4C(F)C)ccn3)C)nc2)c1,1,12,-6.8487101,2.2079854,-99.246506,-49.746876,-9.4084864,-36.472923,-6.8487101,$HOME/My Research/MDM2/sdf for docking/smiles_data18.sdf,0.00045851845,1
Clc1c(c(Cl)c(OC)cc1OC)-c1cc2c(nc(NC3C(NC(=O)C=C)CCOC3)nc2)cc1,1,62,-6.8348041,2.7132626,-83.56411,-108.63056,-8.8447523,-34.175301,-6.8348041,$HOME/My Research/MDM2/sdf for docking/smiles_data18.sdf,0,1
FC(F)(F)c1c2c(C(N3C(=O)N(c4cc5OC(=O)N(C)c5cc4)C=C(C(=O)O)C3=O)CC2)ccc1,1,44,-6.8325105,0.99672574,-73.680901,-80.571632,-10.378447,-35.46854,-6.8325105,$HOME/My Research/MDM2/sdf for docking/smiles_data18.sdf,2.3293386,1
O=C(O)c1ccc(C2N(Cc3c(OC)cc(C)c4[nH]ccc34)CCC(OCC)C2)cc1,1,19,-6.8210282,1.3965663,4.9904547,-68.040443,-9.6329575,-29.314156,-6.8210282,$HOME/My Research/MDM2/sdf for docking/smiles_data18.sdf,3.5895216,1
O=C(O)c1ccc(C2N(Cc3c(OC)cc(C)c4[nH]ccc34)CCC(OCC)C2)cc1,1,19,-6.819169,1.7247849,-1.6978345,-75.3629,-9.4508047,-34.415165,-6.819169,$HOME/My Research/MDM2/sdf for docking/smiles_data18.sdf,3.589736,1
S(=O)(=O)(Nc1c(F)c(C(=O)c2c3c([nH]c2)ncc(-c2cnc(C4CC4)nc2)c3)c(F)cc1)N1CC(F)CC1,1,1,-6.8171573,4.3931141,75.526802,-78.32885,-10.265849,-37.458652,-6.8171573,$HOME/My Research/MDM2/sdf for docking/smiles_data18.sdf,3.4434783,1
Clc1c(Cc2ccc(OC3CC4C(C3)C4)cc2)cc(C2C(O)C(O)C(O)C(CO)O2)cc1,1,51,-6.8115935,1.6742239,229.85841,-77.875015,-9.5258808,-37.002033,-6.8115935,$HOME/My Research/MDM2/sdf for docking/smiles_data18.sdf,2.8090844,1
Fc1c(-c2c(F)ccc(C(=O)Nc3c(N4CC(N)C(O)C(C)C4)c4c(C(O)CC4)nc3)n2)c(F)ccc1,1,6,-6.8094854,3.2177873,148.78683,-77.053589,-9.5071688,-36.197338,-6.8094854,$HOME/My Research/MDM2/sdf for docking/smiles_data18.sdf,2.8632813,1
S(=O)(=O)(Nc1c(F)c(C(=O)c2c3c([nH]c2)ncc(-c2cnc(C4CC4)nc2)c3)c(F)cc1)N1CC(F)CC1,1,1,-6.8040514,0.90568244,75.883652,-90.361473,-10.518267,-36.977314,-6.8040514,$HOME/My Research/MDM2/sdf for docking/smiles_data18.sdf,3.9563122,1
O=C(O)c1ccc(-c2c3ncc(-c4c(C)onc4C)cc3n(C(C)c3ncccc3)c2)cc1,1,15,-6.7916589,1.7590374,67.477982,-67.055763,-8.3285904,-33.338806,-6.7916589,$HOME/My Research/MDM2/sdf for docking/smiles_data18.sdf,1.8213148,1
O=C(C)N1CCC(Nc2ncnc(C(=O)NCC(O)CN3Cc4c(cccc4)CC3)c2)CC1,1,4,-6.7563825,1.4056476,-103.57684,-71.562347,-10.646521,-38.063553,-6.7563825,$HOME/My Research/MDM2/sdf for docking/smiles_data18.sdf,1.1396484,1
O=C(OCON=C(C(=O)NC1C(=O)N2C(C(=O)O)=C(C=C)CSC12)c1nc(N)sc1)C(C)(C)C,1,20,-6.7542601,2.3544815,76.972649,-77.571434,-9.4391994,-36.626625,-6.7542601,$HOME/My Research/MDM2/sdf for docking/smiles_data18.sdf,1.1469225,1
Fc1ccc(N(C(=O)c2occc2)C2CCN(CCc3ccccc3)CC2)cc1,1,55,-6.7486038,0.84554642,43.879356,-81.183708,-9.5020943,-32.974808,-6.7486038,$HOME/My Research/MDM2/sdf for docking/smiles_data18.sdf,1.960838,1
O=C(O)c1ccc(C2N(Cc3c(OC)cc(C)c4[nH]ccc34)CCC(OCC)C2)cc1,1,19,-6.7451468,0.87882507,-11.416459,-92.071831,-9.3761702,-35.171665,-6.7451468,$HOME/My Research/MDM2/sdf for docking/smiles_data18.sdf,1.503377,1
O=C(Nc1cc(C(Nc2nc(-c3cc(OC)c(OC)cc3)cnc2)C)ccc1)c1cc(C)cnc1,1,35,-6.7435541,1.9403765,9.0202236,-63.932236,-9.052475,-36.457386,-6.7435541,$HOME/My Research/MDM2/sdf for docking/smiles_data18.sdf,1.0867054,1
S(=O)(=O)(Nc1c(F)c(C(=O)c2c3c([nH]c2)ncc(-c2cnc(C4CC4)nc2)c3)c(F)cc1)N1CC(F)CC1,1,1,-6.7408934,2.0744076,74.62088,-50.636402,-10.228814,-35.257355,-6.7408934,$HOME/My Research/MDM2/sdf for docking/smiles_data18.sdf,3.4862008,1
Fc1ccc(N(C(=O)c2occc2)C2CCN(CCc3ccccc3)CC2)cc1,1,55,-6.7408304,1.6658458,45.158787,-58.52636,-10.599371,-32.92424,-6.7408304,$HOME/My Research/MDM2/sdf for docking/smiles_data18.sdf,0,1
Clc1c(Cc2ccc(OC3CC4C(C3)C4)cc2)cc(C2C(O)C(O)C(O)C(CO)O2)cc1,1,51,-6.7384639,2.5978653,231.06784,-61.751347,-9.3763218,-36.245323,-6.7384639,$HOME/My Research/MDM2/sdf for docking/smiles_data18.sdf,3.2129462,1
Fc1ccc(N(C(=O)c2occc2)C2CCN(CCc3ccccc3)CC2)cc1,1,55,-6.7138352,1.7755493,44.128124,-83.830803,-10.904273,-32.756306,-6.7138352,$HOME/My Research/MDM2/sdf for docking/smiles_data18.sdf,2.3793995,1
Fc1ccc(N(C(=O)c2occc2)C2CCN(CCc3ccccc3)CC2)cc1,1,55,-6.7126656,1.1926436,44.298805,-90.955963,-9.4631701,-32.019123,-6.7126656,$HOME/My Research/MDM2/sdf for docking/smiles_data18.sdf,2.3793995,1
O=C(Nc1cc(C(Nc2nc(-c3cc(OC)c(OC)cc3)cnc2)C)ccc1)c1cc(C)cnc1,1,35,-6.7042232,2.2466717,13.208007,-59.199482,-9.2308798,-35.603546,-6.7042232,$HOME/My Research/MDM2/sdf for docking/smiles_data18.sdf,0.00019302545,1
Clc1c(Cc2ccc(OC3CC4C(C3)C4)cc2)cc(C2C(O)C(O)C(O)C(CO)O2)cc1,1,51,-6.6924238,1.798491,230.60095,-45.68531,-9.4608974,-36.219479,-6.6924238,$HOME/My Research/MDM2/sdf for docking/smiles_data18.sdf,0.029738577,1
O=C(Nc1cc(C(Nc2nc(-c3cc(OC)c(OC)cc3)cnc2)C)ccc1)c1cc(C)cnc1,1,35,-6.6918464,2.0054166,12.795345,-74.39933,-9.8144016,-31.701609,-6.6918464,$HOME/My Research/MDM2/sdf for docking/smiles_data18.sdf,0.00019302545,1
O=C(NO)C=Cc1ccc(CN(CC23CC4CC(C2)CC(C3)C4)C)cc1,1,23,-6.6816778,1.0188473,50.844841,-93.472984,-9.7791491,-29.691034,-6.6816778,$HOME/My Research/MDM2/sdf for docking/smiles_data18.sdf,1.0742188,1
OC1C(CNC2=Nc3c(C(C)C)cnn3C(NCc3ccccc3)=C2)CCNC1,1,57,-6.6794109,1.8037049,78.703278,-69.059883,-8.9202662,-35.593819,-6.6794109,$HOME/My Research/MDM2/sdf for docking/smiles_data18.sdf,1.7603483,1
S(=O)(=O)(Nc1c(F)c(C(=O)c2c3c([nH]c2)ncc(-c2cnc(C4CC4)nc2)c3)c(F)cc1)N1CC(F)CC1,1,1,-6.6555791,1.5492597,72.405281,-81.577011,-10.98175,-35.849655,-6.6555791,$HOME/My Research/MDM2/sdf for docking/smiles_data18.sdf,2.1210341,1
FC(F)(F)c1c(Nc2c(NC(=O)C=C)cc(C)cc2)nc(Nc2c(C)cnc(OC)c2)nc1,1,8,-6.6297369,2.2674589,-211.36264,-84.011955,-9.2243872,-33.80109,-6.6297369,$HOME/My Research/MDM2/sdf for docking/smiles_data18.sdf,0.52005905,1
O=C(Nc1cc(C(Nc2nc(-c3cc(OC)c(OC)cc3)cnc2)C)ccc1)c1cc(C)cnc1,1,35,-6.6259661,2.4411566,13.777316,-101.8363,-10.373192,-37.486488,-6.6259661,$HOME/My Research/MDM2/sdf for docking/smiles_data18.sdf,0.89697266,1
FC(F)(F)c1nccc(-c2c(C)cc(C(Nc3nc(N4C(=O)OCC4C(F)C)ccn3)C)nc2)c1,1,12,-6.6210365,1.3668934,-101.03547,-73.999062,-9.3905926,-36.705448,-6.6210365,$HOME/My Research/MDM2/sdf for docking/smiles_data18.sdf,0.448158,1
O=C(C)N1CCC(Nc2ncnc(C(=O)NCC(O)CN3Cc4c(cccc4)CC3)c2)CC1,1,4,-6.6133733,1.5245742,-101.17439,-87.148666,-9.6474457,-29.309614,-6.6133733,$HOME/My Research/MDM2/sdf for docking/smiles_data18.sdf,1.1022381,1
Fc1ccc(N(C(=O)c2occc2)C2CCN(CCc3ccccc3)CC2)cc1,1,55,-6.6081038,1.0323578,40.735493,-99.447685,-9.924799,-31.783989,-6.6081038,$HOME/My Research/MDM2/sdf for docking/smiles_data18.sdf,2.5912304,1
O=C(c1c2c(n(C)c1)ccc(Nc1nc(-n3nc(C)c(CN4OCC(O)C4)c3)ccn1)c2)C1CC1,1,41,-6.6045723,4.2217546,167.37782,-70.686134,-9.3971767,-35.875057,-6.6045723,$HOME/My Research/MDM2/sdf for docking/smiles_data18.sdf,2.6427026,1
Clc1c(C(F)(F)F)cccc1C(=O)N1C(C)c2nnn(-c3ncc(F)cn3)c2CC1,1,10,-6.6007714,1.7346274,120.12339,-67.203293,-9.760623,-31.851204,-6.6007714,$HOME/My Research/MDM2/sdf for docking/smiles_data18.sdf,3.8212857,1
O=C(O)c1ccc(-c2c3ncc(-c4c(C)onc4C)cc3n(C(C)c3ncccc3)c2)cc1,1,15,-6.5944433,2.8048856,67.074318,-37.234352,-8.4234982,-35.021076,-6.5944433,$HOME/My Research/MDM2/sdf for docking/smiles_data18.sdf,0,1
OC1C(CNC2=Nc3c(C(C)C)cnn3C(NCc3ccccc3)=C2)CCNC1,1,57,-6.593183,1.3004411,77.295235,-74.781143,-9.0484324,-33.808933,-6.593183,$HOME/My Research/MDM2/sdf for docking/smiles_data18.sdf,1.5755634,1
Clc1c(Cc2ccc(OC3CC4C(C3)C4)cc2)cc(C2C(O)C(O)C(O)C(CO)O2)cc1,1,51,-6.5882044,2.2040293,230.79182,-63.943485,-10.258169,-33.930435,-6.5882044,$HOME/My Research/MDM2/sdf for docking/smiles_data18.sdf,1.1601563,1
O=C1N(C)N=C(c2n(C(C)c3ccccc3)c3c(n2)cnc(C2CCOCC2)c3)C=C1C,1,29,-6.584754,0.84864652,109.1785,-74.606575,-9.908392,-35.580421,-6.584754,$HOME/My Research/MDM2/sdf for docking/smiles_data18.sdf,2.6601563,1
FC(F)(F)C(O)(C(=O)N)CNc1c(F)cnc(-c2nn(Cc3c(F)cccc3)c(-c3nocc3)c2)n1,1,14,-6.5804148,2.2058096,129.04532,-53.351433,-10.606297,-36.767014,-6.5804148,$HOME/My Research/MDM2/sdf for docking/smiles_data18.sdf,2.4200199,1
O(CC)CC1(COCC)CCC(c2c(CN(CCNC)C)cn[nH]2)CC1,1,16,-6.5790257,2.4490376,86.080093,-47.315182,-8.1024799,-31.062033,-6.5790257,$HOME/My Research/MDM2/sdf for docking/smiles_data18.sdf,0.26145881,1
O=C(C)N1CCC(Nc2ncnc(C(=O)NCC(O)CN3Cc4c(cccc4)CC3)c2)CC1,1,4,-6.57728,3.8617737,-101.55566,-66.939827,-10.771679,-38.517025,-6.57728,$HOME/My Research/MDM2/sdf for docking/smiles_data18.sdf,1.4020427,1
FC(F)(F)c1c2c(C(N3C(=O)N(c4cc5OC(=O)N(C)c5cc4)C=C(C(=O)O)C3=O)CC2)ccc1,1,44,-6.5745373,2.6264558,-73.778221,-53.763744,-9.5801821,-34.418018,-6.5745373,$HOME/My Research/MDM2/sdf for docking/smiles_data18.sdf,2.3293386,1
O=C(C)N1CCC(Nc2ncnc(C(=O)NCC(O)CN3Cc4c(cccc4)CC3)c2)CC1,1,4,-6.5681415,1.7257533,-99.881485,-68.341835,-9.6969585,-30.85705,-6.5681415,$HOME/My Research/MDM2/sdf for docking/smiles_data18.sdf,1.3125,1
Fc1c(-c2c(F)ccc(C(=O)Nc3c(N4CC(N)C(O)C(C)C4)c4c(C(O)CC4)nc3)n2)c(F)ccc1,1,6,-6.5669441,2.6713624,138.05522,-83.263382,-10.037567,-35.831646,-6.5669441,$HOME/My Research/MDM2/sdf for docking/smiles_data18.sdf,3.0708554,1
O=C1N(C)N=C(c2n(C(C)c3ccccc3)c3c(n2)cnc(C2CCOCC2)c3)C=C1C,1,29,-6.5564566,1.0276496,107.06958,-90.987495,-9.8956919,-34.401554,-6.5564566,$HOME/My Research/MDM2/sdf for docking/smiles_data18.sdf,2.2163696,1
FC1C(NC(=O)C=C)CN(c2nc(Nc3c(OC)nn(C)c3)c3ncn(C)c3n2)C1,1,40,-6.556448,1.9048455,-6.4783082,-93.697617,-9.3569098,-30.538511,-6.556448,$HOME/My Research/MDM2/sdf for docking/smiles_data18.sdf,0.80279684,1
Clc1c(C)c2nc(C3(C)N(C(=O)c4c(-n5nccn5)ccc(OC)c4)CCC3)[nH]c2cc1,1,45,-6.5479736,2.2819109,29.06122,-72.203644,-9.0340958,-35.729485,-6.5479736,$HOME/My Research/MDM2/sdf for docking/smiles_data18.sdf,1.8015363,1
Fc1c(-c2c(F)ccc(C(=O)Nc3c(N4CC(N)C(O)C(C)C4)c4c(C(O)CC4)nc3)n2)c(F)ccc1,1,6,-6.5409398,1.4660043,143.48752,-100.7662,-10.255283,-30.4368,-6.5409398,$HOME/My Research/MDM2/sdf for docking/smiles_data18.sdf,3.0708554,1
O=C1N(C)N=C(c2n(C(C)c3ccccc3)c3c(n2)cnc(C2CCOCC2)c3)C=C1C,1,29,-6.5270119,1.7696112,110.76032,-50.621895,-10.712642,-35.483006,-6.5270119,$HOME/My Research/MDM2/sdf for docking/smiles_data18.sdf,3.5182645,1
O=C(Nc1cc(C(Nc2nc(-c3cc(OC)c(OC)cc3)cnc2)C)ccc1)c1cc(C)cnc1,1,35,-6.5268841,1.6107985,17.83305,-72.884674,-9.7935848,-36.811382,-6.5268841,$HOME/My Research/MDM2/sdf for docking/smiles_data18.sdf,1.2241409,1
O=C(O)c1ccc(-c2c3ncc(-c4c(C)onc4C)cc3n(C(C)c3ncccc3)c2)cc1,1,15,-6.5199194,1.6556439,69.071983,-46.380852,-8.8638134,-32.726105,-6.5199194,$HOME/My Research/MDM2/sdf for docking/smiles_data18.sdf,1.7724867,1
FC(F)(F)c1nccc(-c2c(C)cc(C(Nc3nc(N4C(=O)OCC4C(F)C)ccn3)C)nc2)c1,1,12,-6.5077453,1.8681344,-102.63496,-74.445313,-9.3168478,-34.918594,-6.5077453,$HOME/My Research/MDM2/sdf for docking/smiles_data18.sdf,1.7729194,1
FC1C(NC(=O)C=C)CN(c2nc(Nc3c(OC)nn(C)c3)c3ncn(C)c3n2)C1,1,40,-6.4945292,0.98961192,-15.640033,-83.1437,-9.8712654,-32.086552,-6.4945292,$HOME/My Research/MDM2/sdf for docking/smiles_data18.sdf,3.8159499,1
O=C(OC)c1cc(CCN(CCCC(C#N)(C(C)C)c2cc(OC)c(OC)cc2)C)ccc1,1,52,-6.4893713,1.0963311,96.200333,-30.225908,-8.4000549,-33.048664,-6.4893713,$HOME/My Research/MDM2/sdf for docking/smiles_data18.sdf,0,1
Clc1c(Cc2ccc(OC3CC4C(C3)C4)cc2)cc(C2C(O)C(O)C(O)C(CO)O2)cc1,1,51,-6.4766173,1.8569462,232.75688,-71.103546,-9.5987272,-35.759445,-6.4766173,$HOME/My Research/MDM2/sdf for docking/smiles_data18.sdf,1.1244743,1
FC1C(NC(=O)C=C)CN(c2nc(Nc3c(OC)nn(C)c3)c3ncn(C)c3n2)C1,1,40,-6.475915,1.995159,-15.382326,-73.236465,-9.198288,-30.904079,-6.475915,$HOME/My Research/MDM2/sdf for docking/smiles_data18.sdf,2.4722185,1
S(=O)(=O)(OC1Cn2c3c(F)cccc3c(CC(=O)OCC)c2CC1)C,1,33,-6.4720297,0.92504179,26.090292,-66.48748,-8.7722425,-33.588207,-6.4720297,$HOME/My Research/MDM2/sdf for docking/smiles_data18.sdf,1.5466273,1
FC(F)(F)c1nccc(-c2c(C)cc(C(Nc3nc(N4C(=O)OCC4C(F)C)ccn3)C)nc2)c1,1,12,-6.4588485,1.9535664,-97.491371,-65.150078,-9.8196249,-32.624828,-6.4588485,$HOME/My Research/MDM2/sdf for docking/smiles_data18.sdf,1.630914,1
S(=O)(=O)(OC1Cn2c3c(F)cccc3c(CC(=O)OCC)c2CC1)C,1,33,-6.455925,0.88772595,27.612003,-75.067101,-8.6463537,-27.983675,-6.455925,$HOME/My Research/MDM2/sdf for docking/smiles_data18.sdf,3.9145007,1
O=C(O)c1ccc(-c2c3ncc(-c4c(C)onc4C)cc3n(C(C)c3ncccc3)c2)cc1,1,15,-6.455523,1.8202201,68.068542,-71.550171,-9.3101177,-32.402306,-6.455523,$HOME/My Research/MDM2/sdf for docking/smiles_data18.sdf,2.5795317,1
O=C1N(C)N=C(c2n(C(C)c3ccccc3)c3c(n2)cnc(C2CCOCC2)c3)C=C1C,1,29,-6.4411039,1.2817569,106.05225,-96.948692,-9.6804047,-33.317924,-6.4411039,$HOME/My Research/MDM2/sdf for docking/smiles_data18.sdf,2.6601679,1
S(=O)(=O)(NC(=O)c1c(F)cc(OCC23CC4CC(C2)CC(C3)C4)c(C2CC2)c1)N1CCC1,1,46,-6.4330211,1.8972938,-57.714409,-43.9814,-8.9054203,-33.023159,-6.4330211,$HOME/My Research/MDM2/sdf for docking/smiles_data18.sdf,3.7056344,1
FC1C(NC(=O)C=C)CN(c2nc(Nc3c(OC)nn(C)c3)c3ncn(C)c3n2)C1,1,40,-6.4295192,1.8200443,-13.833899,-58.269737,-9.1193943,-30.586809,-6.4295192,$HOME/My Research/MDM2/sdf for docking/smiles_data18.sdf,3.0833213,1
O=C(O)c1ccc(-c2c3ncc(-c4c(C)onc4C)cc3n(C(C)c3ncccc3)c2)cc1,1,15,-6.4224195,1.6012795,69.661987,-61.878159,-8.6250181,-31.304388,-6.4224195,$HOME/My Research/MDM2/sdf for docking/smiles_data18.sdf,0.75824255,1
Clc1c(C(F)(F)F)cccc1C(=O)N1C(C)c2nnn(-c3ncc(F)cn3)c2CC1,1,10,-6.3882713,1.7336966,115.06859,-62.465927,-10.018039,-32.224392,-6.3882713,$HOME/My Research/MDM2/sdf for docking/smiles_data18.sdf,0,1
FC(F)(F)c1nccc(-c2c(C)cc(C(Nc3nc(N4C(=O)OCC4C(F)C)ccn3)C)nc2)c1,1,12,-6.3813758,1.7699171,-99.848282,-69.526123,-9.6642303,-31.483913,-6.3813758,$HOME/My Research/MDM2/sdf for docking/smiles_data18.sdf,0,1
Fc1c(-c2c(F)ccc(C(=O)Nc3c(N4CC(N)C(O)C(C)C4)c4c(C(O)CC4)nc3)n2)c(F)ccc1,1,6,-6.3783789,1.6736546,151.57608,-87.009178,-9.6918077,-29.687809,-6.3783789,$HOME/My Research/MDM2/sdf for docking/smiles_data18.sdf,2.8632813,1
OC1C(CNC2=Nc3c(C(C)C)cnn3C(NCc3ccccc3)=C2)CCNC1,1,57,-6.376255,2.1180491,82.100128,-57.545097,-8.9163818,-30.9876,-6.376255,$HOME/My Research/MDM2/sdf for docking/smiles_data18.sdf,1.0752136,1
OC1C(CNC2=Nc3c(C(C)C)cnn3C(NCc3ccccc3)=C2)CCNC1,1,57,-6.3693194,1.8135935,75.058907,-71.989319,-8.9357738,-33.692383,-6.3693194,$HOME/My Research/MDM2/sdf for docking/smiles_data18.sdf,2.5068281,1
FC1C(NC(=O)C=C)CN(c2nc(Nc3c(OC)nn(C)c3)c3ncn(C)c3n2)C1,1,40,-6.3633847,1.4219521,-13.424436,-62.654095,-9.8385324,-33.34388,-6.3633847,$HOME/My Research/MDM2/sdf for docking/smiles_data18.sdf,3.8159499,1
O=C1N(C)N=C(c2n(C(C)c3ccccc3)c3c(n2)cnc(C2CCOCC2)c3)C=C1C,1,29,-6.3437104,2.3071289,109.58433,-52.401367,-9.3396902,-28.0632,-6.3437104,$HOME/My Research/MDM2/sdf for docking/smiles_data18.sdf,1.540216,1
S(=O)(=O)(NC(=O)c1c(F)cc(OCC23CC4CC(C2)CC(C3)C4)c(C2CC2)c1)N1CCC1,1,46,-6.3201909,2.4570589,-49.883762,-60.590225,-8.7069979,-32.524826,-6.3201909,$HOME/My Research/MDM2/sdf for docking/smiles_data18.sdf,3.4424508,1
S(=O)(=O)(OC1Cn2c3c(F)cccc3c(CC(=O)OCC)c2CC1)C,1,33,-6.3200393,1.0699322,29.053865,-75.305939,-8.6381826,-27.400238,-6.3200393,$HOME/My Research/MDM2/sdf for docking/smiles_data18.sdf,3.9145007,1
FC(F)(F)c1c(Nc2c(NC(=O)C=C)cc(C)cc2)nc(Nc2c(C)cnc(OC)c2)nc1,1,8,-6.3185992,1.2411201,-212.19635,-83.458839,-10.539401,-32.009811,-6.3185992,$HOME/My Research/MDM2/sdf for docking/smiles_data18.sdf,1.9454312,1
FC(F)(F)c1c(Nc2c(NC(=O)C=C)cc(C)cc2)nc(Nc2c(C)cnc(OC)c2)nc1,1,8,-6.3149738,1.4031837,-212.64467,-89.513412,-9.0648861,-30.948679,-6.3149738,$HOME/My Research/MDM2/sdf for docking/smiles_data18.sdf,0.52005905,1
O(CC)CC1(COCC)CCC(c2c(CN(CCNC)C)cn[nH]2)CC1,1,16,-6.313735,1.2204525,84.803513,-61.143692,-9.2193079,-28.251694,-6.313735,$HOME/My Research/MDM2/sdf for docking/smiles_data18.sdf,2.1394877,1
FC(F)(F)c1c(F)c(C(=O)N2C(C)Cc3n(-c4ncc(F)cn4)nnc3C2)ccn1,1,9,-6.3118582,1.7275087,145.89861,-73.286324,-10.129351,-32.198521,-6.3118582,$HOME/My Research/MDM2/sdf for docking/smiles_data18.sdf,0,1
Clc1c(c(Cl)c(OC)cc1OC)-c1cc2c(nc(NC3C(NC(=O)C=C)CCOC3)nc2)cc1,1,62,-6.3026314,2.4513595,-91.470139,-97.449905,-8.929656,-32.696323,-6.3026314,$HOME/My Research/MDM2/sdf for docking/smiles_data18.sdf,0,1
FC(F)(F)c1c2c(C(N3C(=O)N(c4cc5OC(=O)N(C)c5cc4)C=C(C(=O)O)C3=O)CC2)ccc1,1,44,-6.2968473,1.5720823,-73.154633,-62.600887,-9.8866415,-34.969135,-6.2968473,$HOME/My Research/MDM2/sdf for docking/smiles_data18.sdf,2.3293386,1
O=C(NO)C=Cc1ccc(CN(CC23CC4CC(C2)CC(C3)C4)C)cc1,1,23,-6.2869587,1.6237299,45.640011,-75.100739,-9.7677412,-31.940773,-6.2869587,$HOME/My Research/MDM2/sdf for docking/smiles_data18.sdf,1.0742188,1
Clc1c(c(Cl)c(OC)cc1OC)-c1cc2c(nc(NC3C(NC(=O)C=C)CCOC3)nc2)cc1,1,62,-6.2755604,1.6575212,-85.960365,-59.186691,-8.6922216,-34.105888,-6.2755604,$HOME/My Research/MDM2/sdf for docking/smiles_data18.sdf,0,1
Clc1c(c(Cl)c(OC)cc1OC)-c1cc2c(nc(NC3C(NC(=O)C=C)CCOC3)nc2)cc1,1,62,-6.2592964,2.7690043,-86.486397,-62.209919,-9.192584,-32.842216,-6.2592964,$HOME/My Research/MDM2/sdf for docking/smiles_data18.sdf,3.7566214,1
S(=O)(=O)(C)c1c2C(O)C(F)(F)Cc2c(Oc2cc(F)cc(C#N)c2)cc1,1,42,-6.2582474,2.4717417,106.59051,-67.490044,-9.6650562,-34.361458,-6.2582474,$HOME/My Research/MDM2/sdf for docking/smiles_data18.sdf,0,1
O(CC)CC1(COCC)CCC(c2c(CN(CCNC)C)cn[nH]2)CC1,1,16,-6.2567935,0.67048126,87.942474,-66.37011,-8.0286112,-26.567587,-6.2567935,$HOME/My Research/MDM2/sdf for docking/smiles_data18.sdf,0,1
S(=O)(=O)(NC(=O)c1c(F)cc(OCC23CC4CC(C2)CC(C3)C4)c(C2CC2)c1)N1CCC1,1,46,-6.2513242,1.8696065,-51.812355,-49.482059,-8.7736454,-33.169548,-6.2513242,$HOME/My Research/MDM2/sdf for docking/smiles_data18.sdf,3.8520508,1
O=C(OC)c1cc(CCN(CCCC(C#N)(C(C)C)c2cc(OC)c(OC)cc2)C)ccc1,1,52,-6.2416158,1.9733207,101.24181,-31.857798,-9.2080765,-31.840052,-6.2416158,$HOME/My Research/MDM2/sdf for docking/smiles_data18.sdf,0,1
S(=O)(=O)(NC(=O)c1c(F)cc(OCC23CC4CC(C2)CC(C3)C4)c(C2CC2)c1)N1CCC1,1,46,-6.226933,2.1277266,-51.831757,-78.611488,-8.8809605,-31.969559,-6.226933,$HOME/My Research/MDM2/sdf for docking/smiles_data18.sdf,2.2470255,1
Fc1c(CNC(=O)C=2C(=O)C(O)=C3C(=O)N4C(OC5CC4CC5)CN3C=2)c(F)cc(F)c1,1,7,-6.2256856,1.4188614,-15.017731,-92.28965,-9.7777472,-29.784224,-6.2256856,$HOME/My Research/MDM2/sdf for docking/smiles_data18.sdf,1.9693865,1
O=C(OC)c1cc(CCN(CCCC(C#N)(C(C)C)c2cc(OC)c(OC)cc2)C)ccc1,1,52,-6.2196689,2.9028976,99.617867,-65.697624,-9.2576704,-31.155046,-6.2196689,$HOME/My Research/MDM2/sdf for docking/smiles_data18.sdf,0,1
S(=O)(=O)(NC(=O)c1c(F)cc(OCC23CC4CC(C2)CC(C3)C4)c(C2CC2)c1)N1CCC1,1,46,-6.1914883,2.4586232,-53.240364,-74.069572,-9.0774679,-29.884989,-6.1914883,$HOME/My Research/MDM2/sdf for docking/smiles_data18.sdf,2.2117639,1
Fc1c(CNC(=O)C=2C(=O)C(O)=C3C(=O)N4C(OC5CC4CC5)CN3C=2)c(F)cc(F)c1,1,7,-6.1798048,1.4330124,-16.626896,-84.439995,-9.8210926,-31.514841,-6.1798048,$HOME/My Research/MDM2/sdf for docking/smiles_data18.sdf,1.2223293,1
O=C(NO)C=Cc1ccc(CN(CC23CC4CC(C2)CC(C3)C4)C)cc1,1,23,-6.1740079,1.4698865,45.549377,-74.478767,-9.3357763,-31.81266,-6.1740079,$HOME/My Research/MDM2/sdf for docking/smiles_data18.sdf,1.0742188,1
Clc1c(C(F)(F)F)cccc1C(=O)N1C(C)c2nnn(-c3ncc(F)cn3)c2CC1,1,10,-6.1718855,1.9602196,116.02573,-56.047043,-9.8696814,-30.86924,-6.1718855,$HOME/My Research/MDM2/sdf for docking/smiles_data18.sdf,3.8212857,1
Fc1c(CNC(=O)C=2C(=O)C(O)=C3C(=O)N4C(OC5CC4CC5)CN3C=2)c(F)cc(F)c1,1,7,-6.1621151,1.4026489,-14.215467,-88.999832,-9.8440428,-31.570812,-6.1621151,$HOME/My Research/MDM2/sdf for docking/smiles_data18.sdf,3.1857915,1
S(=O)(=O)(OC1Cn2c3c(F)cccc3c(CC(=O)OCC)c2CC1)C,1,33,-6.1370544,2.2084956,31.162931,-53.055649,-8.9353056,-25.047859,-6.1370544,$HOME/My Research/MDM2/sdf for docking/smiles_data18.sdf,0.35107383,1
O=C(OC)c1cc(CCN(CCCC(C#N)(C(C)C)c2cc(OC)c(OC)cc2)C)ccc1,1,52,-6.133316,2.3893931,107.31313,-51.925636,-8.701417,-27.622837,-6.133316,$HOME/My Research/MDM2/sdf for docking/smiles_data18.sdf,0,1
O=C(NO)C=Cc1ccc(CN(CC23CC4CC(C2)CC(C3)C4)C)cc1,1,23,-6.1315928,2.2707293,47.129013,-99.617508,-9.5190067,-30.927374,-6.1315928,$HOME/My Research/MDM2/sdf for docking/smiles_data18.sdf,1.0742188,1
O=C(NO)C=Cc1ccc(CN(CC23CC4CC(C2)CC(C3)C4)C)cc1,1,23,-6.1283722,2.3095131,47.247055,-75.05484,-9.2709751,-27.349487,-6.1283722,$HOME/My Research/MDM2/sdf for docking/smiles_data18.sdf,0,1
FC(F)(F)c1c(F)c(C(=O)N2C(C)Cc3n(-c4ncc(F)cn4)nnc3C2)ccn1,1,9,-6.1232433,1.4321771,153.60376,-90.561348,-10.952659,-25.318783,-6.1232433,$HOME/My Research/MDM2/sdf for docking/smiles_data18.sdf,3.011209,1
Fc1c(CNC(=O)C=2C(=O)C(O)=C3C(=O)N4C(OC5CC4CC5)CN3C=2)c(F)cc(F)c1,1,7,-6.1082892,1.4769828,-18.363199,-56.281219,-9.5509844,-33.321266,-6.1082892,$HOME/My Research/MDM2/sdf for docking/smiles_data18.sdf,3.9328485,1
FC(F)(F)c1c2c(C(N3C(=O)N(c4cc5OC(=O)N(C)c5cc4)C=C(C(=O)O)C3=O)CC2)ccc1,1,44,-6.0928564,3.1039331,-67.46463,-58.365032,-10.08872,-31.953909,-6.0928564,$HOME/My Research/MDM2/sdf for docking/smiles_data18.sdf,2.3293386,1
Fc1c(CNC(=O)C=2C(=O)C(O)=C3C(=O)N4C(OC5CC4CC5)CN3C=2)c(F)cc(F)c1,1,7,-6.0906386,1.6127423,-17.7915,-64.64579,-9.761034,-30.708281,-6.0906386,$HOME/My Research/MDM2/sdf for docking/smiles_data18.sdf,1.2223293,1
FCC(O)COc1cc2c(nc(-c3cnc(NC)cc3)cc2)cc1,1,50,-6.0664282,1.2706182,-14.784267,-83.367104,-11.239771,-26.375198,-6.0664282,$HOME/My Research/MDM2/sdf for docking/smiles_data18.sdf,2.0314672,1
Clc1c(C(F)(F)F)cccc1C(=O)N1C(C)c2nnn(-c3ncc(F)cn3)c2CC1,1,10,-6.051343,0.97707707,115.56451,-66.923515,-10.318544,-29.400866,-6.051343,$HOME/My Research/MDM2/sdf for docking/smiles_data18.sdf,0.76076198,1
Clc1n(CN2C(=O)CC(c3cc(F)c(F)c(F)c3)C2)ncn1,1,18,-6.0499129,2.1856129,34.816582,-74.183395,-9.1173782,-28.923277,-6.0499129,$HOME/My Research/MDM2/sdf for docking/smiles_data18.sdf,2.5382073,1
Clc1c(C)c2nc(C3(C)N(C(=O)c4c(-n5nccn5)ccc(OC)c4)CCC3)[nH]c2cc1,1,45,-6.0448933,2.5826859,31.132236,-67.601265,-8.9962378,-27.446081,-6.0448933,$HOME/My Research/MDM2/sdf for docking/smiles_data18.sdf,2.4135902,1
FC(F)(F)c1c(F)c(C(=O)N2C(C)Cc3n(-c4ncc(F)cn4)nnc3C2)ccn1,1,9,-6.0309696,0.81998914,144.61754,-78.70076,-10.159162,-29.61215,-6.0309696,$HOME/My Research/MDM2/sdf for docking/smiles_data18.sdf,0,1
Fc1c(-c2n(C)cnc2)c(NC(=O)c2c(N)nn3c2N=CC(F)=C3)cnc1,1,2,-6.0209785,1.4801553,-6.4159813,-51.540215,-8.9633398,-30.197166,-6.0209785,$HOME/My Research/MDM2/sdf for docking/smiles_data18.sdf,2.652751,1
Clc1c(C(F)(F)F)cccc1C(=O)N1C(C)c2nnn(-c3ncc(F)cn3)c2CC1,1,10,-6.0120606,1.7223041,115.68579,-70.221687,-10.222499,-31.012316,-6.0120606,$HOME/My Research/MDM2/sdf for docking/smiles_data18.sdf,0,1
FC(F)(F)c1c2c(C(N3C(=O)N(c4cc5OC(=O)N(C)c5cc4)C=C(C(=O)O)C3=O)CC2)ccc1,1,44,-5.9864874,1.71684,-75.014755,-55.116928,-9.5793676,-31.382145,-5.9864874,$HOME/My Research/MDM2/sdf for docking/smiles_data18.sdf,2.3293386,1
FC(F)(F)c1c(F)c(C(=O)N2C(C)Cc3n(-c4ncc(F)cn4)nnc3C2)ccn1,1,9,-5.9762335,2.3324585,145.21591,-64.331177,-10.667775,-31.156488,-5.9762335,$HOME/My Research/MDM2/sdf for docking/smiles_data18.sdf,0,1
O=C1N2C(c3ncccc3)COc3c(-c4c(C)onc4C)ccc(N1)c23,1,11,-5.9733377,1.3458545,15.314175,-67.113182,-9.1238613,-26.265184,-5.9733377,$HOME/My Research/MDM2/sdf for docking/smiles_data18.sdf,3.2226572,1
Clc1c(C)c2nc(C3(C)N(C(=O)c4c(-n5nccn5)ccc(OC)c4)CCC3)[nH]c2cc1,1,45,-5.9454312,2.4583428,86.526642,-61.640472,-9.9320278,-29.462868,-5.9454312,$HOME/My Research/MDM2/sdf for docking/smiles_data18.sdf,1.691898,1
O=C1N2C(c3ncccc3)COc3c(-c4c(C)onc4C)ccc(N1)c23,1,11,-5.9425611,1.5230234,14.949413,-51.675751,-9.1616364,-27.500568,-5.9425611,$HOME/My Research/MDM2/sdf for docking/smiles_data18.sdf,3.2226572,1
Clc1c(C)c2nc(C3(C)N(C(=O)c4c(-n5nccn5)ccc(OC)c4)CCC3)[nH]c2cc1,1,45,-5.9397674,1.5451972,27.711828,-62.937435,-9.0918303,-27.80654,-5.9397674,$HOME/My Research/MDM2/sdf for docking/smiles_data18.sdf,1.1174752,1
FC(F)(F)c1c(F)c(C(=O)N2C(C)Cc3n(-c4ncc(F)cn4)nnc3C2)ccn1,1,9,-5.9199119,2.0676708,144.06882,-76.794884,-9.9156609,-28.252537,-5.9199119,$HOME/My Research/MDM2/sdf for docking/smiles_data18.sdf,0,1
O(CC)CC1(COCC)CCC(c2c(CN(CCNC)C)cn[nH]2)CC1,1,16,-5.9079099,1.4557141,83.455711,-64.636139,-9.1252928,-26.028023,-5.9079099,$HOME/My Research/MDM2/sdf for docking/smiles_data18.sdf,2.1394877,1
FCC(O)COc1cc2c(nc(-c3cnc(NC)cc3)cc2)cc1,1,50,-5.8920169,2.3225362,-15.004012,-62.642212,-9.7464046,-29.823927,-5.8920169,$HOME/My Research/MDM2/sdf for docking/smiles_data18.sdf,3.2516596,1
FCC(O)COc1cc2c(nc(-c3cnc(NC)cc3)cc2)cc1,1,50,-5.8781557,2.3155069,-16.341803,-89.152031,-10.80421,-29.030798,-5.8781557,$HOME/My Research/MDM2/sdf for docking/smiles_data18.sdf,1.8167568,1
Clc1c(C)c2nc(C3(C)N(C(=O)c4c(-n5nccn5)ccc(OC)c4)CCC3)[nH]c2cc1,1,45,-5.8704624,1.6352855,26.424631,-67.298477,-9.585,-25.757689,-5.8704624,$HOME/My Research/MDM2/sdf for docking/smiles_data18.sdf,3.6266074,1
FCC(O)COc1cc2c(nc(-c3cnc(NC)cc3)cc2)cc1,1,50,-5.8381758,3.5593405,-16.760035,-80.34935,-9.663908,-28.179968,-5.8381758,$HOME/My Research/MDM2/sdf for docking/smiles_data18.sdf,3.133698,1
O=C1N2C(c3ncccc3)COc3c(-c4c(C)onc4C)ccc(N1)c23,1,11,-5.8296046,1.2327832,13.541924,-57.398125,-8.9998417,-27.992105,-5.8296046,$HOME/My Research/MDM2/sdf for docking/smiles_data18.sdf,3.0160937,1
FCC(O)COc1cc2c(nc(-c3cnc(NC)cc3)cc2)cc1,1,50,-5.8093266,2.7001734,-15.576967,-63.815273,-10.733529,-29.997341,-5.8093266,$HOME/My Research/MDM2/sdf for docking/smiles_data18.sdf,0,1
Clc1n(CN2C(=O)CC(c3cc(F)c(F)c(F)c3)C2)ncn1,1,18,-5.8089094,2.037308,33.239162,-66.461151,-8.4856539,-28.40954,-5.8089094,$HOME/My Research/MDM2/sdf for docking/smiles_data18.sdf,0,1
ON=C1C2(C)C(C3C(C4(C)C(CC(O)(C#C)CC4)CC3)CC2)CC1,1,56,-5.7163043,1.1889142,51.749432,-69.68895,-8.9254417,-21.575407,-5.7163043,$HOME/My Research/MDM2/sdf for docking/smiles_data18.sdf,3.346329,1
O=C1N2C(c3ncccc3)COc3c(-c4c(C)onc4C)ccc(N1)c23,1,11,-5.6491189,1.6894666,16.270334,-65.090714,-8.5773888,-26.045834,-5.6491189,$HOME/My Research/MDM2/sdf for docking/smiles_data18.sdf,0,1
O=C1N2C(c3ncccc3)COc3c(-c4c(C)onc4C)ccc(N1)c23,1,11,-5.6194735,1.2442605,13.48696,-57.599007,-9.350275,-26.707203,-5.6194735,$HOME/My Research/MDM2/sdf for docking/smiles_data18.sdf,3.4629467,1
S(=O)(=O)(C)c1c2C(O)C(F)(F)Cc2c(Oc2cc(F)cc(C#N)c2)cc1,1,42,-5.5765791,2.094599,110.61446,-70.006279,-9.5945692,-26.363081,-5.5765791,$HOME/My Research/MDM2/sdf for docking/smiles_data18.sdf,0,1
Fc1c(-c2n(C)cnc2)c(NC(=O)c2c(N)nn3c2N=CC(F)=C3)cnc1,1,2,-5.5554285,2.7584414,-4.0697246,-86.346474,-9.4566822,-27.179274,-5.5554285,$HOME/My Research/MDM2/sdf for docking/smiles_data18.sdf,0,1
Fc1c(-c2n(C)cnc2)c(NC(=O)c2c(N)nn3c2N=CC(F)=C3)cnc1,1,2,-5.5533595,2.0162153,-6.4527578,-68.060379,-9.3160191,-27.995636,-5.5533595,$HOME/My Research/MDM2/sdf for docking/smiles_data18.sdf,3.7358513,1
ON=C1C2(C)C(C3C(C4(C)C(CC(O)(C#C)CC4)CC3)CC2)CC1,1,56,-5.541091,1.3426067,32.518337,-53.621307,-8.9363108,-22.565426,-5.541091,$HOME/My Research/MDM2/sdf for docking/smiles_data18.sdf,0,1
Clc1n(CN2C(=O)CC(c3cc(F)c(F)c(F)c3)C2)ncn1,1,18,-5.5243163,1.1165833,35.259953,-70.13855,-8.7523689,-26.118746,-5.5243163,$HOME/My Research/MDM2/sdf for docking/smiles_data18.sdf,1.6860998,1
ON=C1C2(C)C(C3C(C4(C)C(CC(O)(C#C)CC4)CC3)CC2)CC1,1,56,-5.5068278,1.157613,31.388968,-74.78495,-8.8318062,-25.796923,-5.5068278,$HOME/My Research/MDM2/sdf for docking/smiles_data18.sdf,0,1
S(=O)(=O)(C)c1c2C(O)C(F)(F)Cc2c(Oc2cc(F)cc(C#N)c2)cc1,1,42,-5.480535,2.5598361,110.41765,-58.061241,-8.9634943,-26.402767,-5.480535,$HOME/My Research/MDM2/sdf for docking/smiles_data18.sdf,0,1
ON=C1C2(C)C(C3C(C4(C)C(CC(O)(C#C)CC4)CC3)CC2)CC1,1,56,-5.4733052,3.218734,32.10149,-60.961479,-9.4464264,-25.194162,-5.4733052,$HOME/My Research/MDM2/sdf for docking/smiles_data18.sdf,0,1
ON=C1C2(C)C(C3C(C4(C)C(CC(O)(C#C)CC4)CC3)CC2)CC1,1,56,-5.4490161,1.3643345,33.922993,-65.738335,-9.0082636,-22.348343,-5.4490161,$HOME/My Research/MDM2/sdf for docking/smiles_data18.sdf,0,1
S(=O)(=O)(C)c1c2C(O)C(F)(F)Cc2c(Oc2cc(F)cc(C#N)c2)cc1,1,42,-5.4406075,1.626367,107.86142,-50.71838,-8.9881468,-25.097542,-5.4406075,$HOME/My Research/MDM2/sdf for docking/smiles_data18.sdf,0,1
Fc1c(-c2n(C)cnc2)c(NC(=O)c2c(N)nn3c2N=CC(F)=C3)cnc1,1,2,-5.4321399,2.6792479,-5.1762629,-65.876587,-9.0657606,-26.203552,-5.4321399,$HOME/My Research/MDM2/sdf for docking/smiles_data18.sdf,3.7358513,1
S(=O)(=O)(C)c1c2C(O)C(F)(F)Cc2c(Oc2cc(F)cc(C#N)c2)cc1,1,42,-5.4268408,1.761548,105.42979,-65.338051,-8.9134426,-28.001719,-5.4268408,$HOME/My Research/MDM2/sdf for docking/smiles_data18.sdf,3.1203701,1
Fc1c(-c2n(C)cnc2)c(NC(=O)c2c(N)nn3c2N=CC(F)=C3)cnc1,1,2,-5.4049578,2.1774933,-3.8839619,-70.050705,-10.014167,-25.615435,-5.4049578,$HOME/My Research/MDM2/sdf for docking/smiles_data18.sdf,2.652751,1
Clc1n(CN2C(=O)CC(c3cc(F)c(F)c(F)c3)C2)ncn1,1,18,-5.3934913,1.998789,31.999691,-53.104229,-8.495553,-27.004135,-5.3934913,$HOME/My Research/MDM2/sdf for docking/smiles_data18.sdf,0,1
O=C(OC(C[N+](C)(C)C)CC(=O)[O-])CC(=O)O,1,54,-5.2812748,2.2424076,-158.20869,-48.721146,-8.3501253,-24.908833,-5.2812748,$HOME/My Research/MDM2/sdf for docking/smiles_data18.sdf,3.3180087,1
Clc1n(CN2C(=O)CC(c3cc(F)c(F)c(F)c3)C2)ncn1,1,18,-5.2085557,1.2522478,32.226513,-62.357849,-8.4926758,-23.132967,-5.2085557,$HOME/My Research/MDM2/sdf for docking/smiles_data18.sdf,0,1
O=C(OC(C[N+](C)(C)C)CC(=O)[O-])CC(=O)O,1,54,-5.0933356,1.9803995,-161.68639,-50.902824,-8.2016258,-23.589981,-5.0933356,$HOME/My Research/MDM2/sdf for docking/smiles_data18.sdf,1.1493431,1
O=C(OC(C[N+](C)(C)C)CC(=O)[O-])CC(=O)O,1,54,-4.992137,1.1241933,-163.36589,-50.838192,-8.0066414,-21.719799,-4.992137,$HOME/My Research/MDM2/sdf for docking/smiles_data18.sdf,1.3820654,1
O=C(OC(C[N+](C)(C)C)CC(=O)[O-])CC(=O)O,1,54,-4.9259782,1.0786403,-162.47214,-53.092743,-8.0155811,-22.829147,-4.9259782,$HOME/My Research/MDM2/sdf for docking/smiles_data18.sdf,3.8028653,1
O=C(OC(C[N+](C)(C)C)CC(=O)[O-])CC(=O)O,1,54,-4.6604028,1.5535208,-163.15497,-51.4207,-9.028779,-21.082184,-4.6604028,$HOME/My Research/MDM2/sdf for docking/smiles_data18.sdf,0.95008421,1
O=C1C(O)(O)C2(O)OCC(O)C2O1,1,31,-4.5001197,2.1592324,165.50206,-54.378986,-7.8329515,-19.95875,-4.5001197,$HOME/My Research/MDM2/sdf for docking/smiles_data18.sdf,0,1
O=C1C(O)(O)C2(O)OCC(O)C2O1,1,31,-4.4867945,2.5019047,166.03912,-56.981613,-8.4343948,-21.51693,-4.4867945,$HOME/My Research/MDM2/sdf for docking/smiles_data18.sdf,0,1
O=C1C(O)(O)C2(O)OCC(O)C2O1,1,31,-4.464355,2.2788873,143.59372,-50.506672,-8.9569998,-20.584339,-4.464355,$HOME/My Research/MDM2/sdf for docking/smiles_data18.sdf,0,1
O=C1C(O)(O)C2(O)OCC(O)C2O1,1,31,-4.4479084,1.2399172,147.82898,-62.249187,-8.1997166,-20.71343,-4.4479084,$HOME/My Research/MDM2/sdf for docking/smiles_data18.sdf,2.4106877,1
O=C1C(O)(O)C2(O)OCC(O)C2O1,1,31,-4.3614073,0.96980131,143.32011,-55.008232,-7.9657502,-19.499981,-4.3614073,$HOME/My Research/MDM2/sdf for docking/smiles_data18.sdf,0,1
